Year,Month,Day,DOY,AirTmax1,AirTmin1,AirTmin2,AirTmax0,SR,Srmax,precip,RH.6,RH.15,wind,cloud,Date ID
2020,6,18,169,22.4,8.8,10.7,15.3,30,30,0,89,51,1.3,1,18431
2020,6,19,170,25.2,10.7,13.4,22.4,38.3,38.3,0.1,81,42,3.3,1,18432
2020,6,20,171,24,13.4,13,25.2,37.7,37.7,0,81,57,4.5,1,18433
2020,6,21,172,22.3,13,9.4,24,41.2,41.2,0,63,38,3.8,1,18434
2020,6,22,173,20.8,9.4,8.3,22.3,28.2,37.9,0.1,69,46,2.9,0.744063325,18435
2020,6,23,174,24.3,8.3,12.7,20.8,33.7,33.7,0,91,42,1.1,1,18436
2020,6,24,175,27,12.7,15.3,24.3,40.3,40.3,0,75,32,1.7,1,18437
2020,6,25,176,28.4,15.3,11.6,27,38.7,38.7,0,73,39,2.1,1,18438
2020,6,26,177,27.3,11.6,14.7,28.4,39.9,39.9,0,69,30,2.9,1,18439
2020,6,27,178,27.3,14.7,15.2,27.3,32.9,32.9,0,70,37,2.5,1,18440
2020,6,28,179,26.9,15.2,13.1,27.3,26.1,36.8,0,80,43,3.8,0.70923913,18441
2020,6,29,180,21.4,13.1,11.8,26.9,21.9,27.7,3.9,97,49,2.3,0.790613718,18442
2020,6,30,181,18,11.8,11.6,21.4,15.2,36.6,3.8,82,81,2.7,0.415300546,18443
2020,7,1,182,18.2,11.6,11.2,18,18,30.7,0.5,84,55,2.9,0.586319218,18444
2020,7,2,183,17.9,11.2,7.6,18.2,22.7,39.7,2,91,87,3,0.571788413,18445
2020,7,3,184,18.3,7.6,10.5,17.9,28,40,0,76,43,3.3,0.7,18446
2020,7,4,185,16.3,10.5,12.9,18.3,14.7,34.4,5.9,93,85,2.3,0.427325581,18447
2020,7,5,186,18.4,12.9,11.8,16.3,15.1,32.7,22.4,85,97,4.2,0.4617737,18448
2020,7,6,187,16.7,11.8,10.5,18.4,18.3,38.2,1.3,70,77,6.7,0.479057592,18449
2020,7,7,188,17.9,10.5,7.6,16.7,23.7,37.2,0.8,80,44,4.1,0.637096774,18450
2020,7,8,189,13.5,7.6,8.3,17.9,18.7,32.5,4.9,81,65,2.2,0.575384615,18451
2020,7,9,190,17.9,8.3,5.9,13.5,34.2,34.2,0,82,39,2.3,1,18452
2020,7,10,191,17.6,5.9,9.3,17.9,14.3,34.1,2.3,73,90,1.5,0.419354839,18453
2020,7,11,192,18.2,9.3,8.3,17.6,17.9,23.7,1.9,99,54,2.1,0.755274262,18454
2020,7,12,193,18.1,8.3,7.3,18.2,22.9,24.5,1.7,89,85,1.9,0.934693878,18455
2020,7,13,194,17.8,7.3,11,18.1,23.3,31.1,0.7,95,46,2,0.749196141,18456
2020,7,14,195,18.9,11,12.1,17.8,16.6,33.2,0.3,89,54,1.9,0.5,18457
2020,7,15,196,18.9,12.1,11.7,18.9,17.5,31.2,0.5,89,57,2.8,0.560897436,18458
2020,7,16,197,24.5,11.7,11.1,18.9,28.6,28.6,0.6,100,48,1.5,1,18459
2020,7,17,198,24.5,11.1,14,24.5,30.3,30.3,0,76,39,2.8,1,18460
2020,7,18,199,23.1,14,14.7,24.5,24,28.8,0.2,79,53,2.8,0.833333333,18461
2020,7,19,200,24.5,14.7,13.4,23.1,23.9,29.4,0.7,85,49,3.3,0.81292517,18462
2020,7,20,201,22,13.4,11,24.5,15.7,36.8,3.4,91,67,3.6,0.426630435,18463
2020,7,21,202,16.5,11,9.3,22,15.7,33,0.3,86,62,1.9,0.475757576,18464
2020,7,22,203,18.2,9.3,8.1,16.5,31.3,31.3,1.2,71,37,3.5,1,18465
2020,7,23,204,17.7,8.1,8.6,18.2,30.8,34.7,0,69,38,3.5,0.887608069,18466
2020,7,24,205,18.5,8.6,7.5,17.7,27.8,30.3,0,69,36,3,0.917491749,18467
2020,7,25,206,21,7.5,8.9,18.5,26.9,31.4,0.3,79,42,2.4,0.856687898,18468
2020,7,26,207,21.5,8.9,14.1,21,27.3,34.5,0,80,43,4,0.791304348,18469
2020,7,27,208,20.6,14.1,12,21.5,24.7,35.8,5.7,95,59,2.8,0.689944134,18470
2020,7,28,209,18.7,12,11.5,20.6,13.1,35.1,3.5,100,71,3.8,0.373219373,18471
2020,7,29,210,17.4,11.5,12.7,18.7,18.3,27.2,2,91,61,3.5,0.672794118,18472
2020,7,30,211,19.5,12.7,10.2,17.4,16.7,24.8,16.3,91,88,3.5,0.673387097,18473
2020,7,31,212,19.1,10.2,8.9,19.5,18.2,24.5,0.1,95,67,3.7,0.742857143,18474
2020,8,1,213,24.6,8.9,13.8,19.1,21.9,30.3,0,94,40,1.9,0.722772277,18475
2020,8,2,214,22.6,13.8,12.2,24.6,9.5,24.6,0,83,39,3.7,0.386178862,18476
2020,8,3,215,19.6,12.2,8.9,22.6,16.7,30.6,0,85,54,3.9,0.545751634,18477
2020,8,4,216,20.1,8.9,9.9,19.6,17.4,32,0,86,46,1.4,0.54375,18478
2020,8,5,217,18.1,9.9,14.1,20.1,11.4,19.8,0,81,47,3.8,0.575757576,18479
2020,8,6,218,21.5,14.1,12.8,18.1,8.8,22.9,0.5,97,67,2.8,0.384279476,18480
2020,8,7,219,28.1,12.8,15.8,21.5,19.5,30.9,0.4,85,39,2.6,0.631067961,18481
2020,8,8,220,27.4,15.8,10.8,28.1,20.5,22.1,0.4,74,36,3.3,0.92760181,18482
2020,8,9,221,21.5,10.8,6.7,27.4,19.2,27.6,0.5,80,56,2.8,0.695652174,18483
2020,8,10,222,21.5,6.7,5.3,21.5,21.2,28.7,0,85,36,2.4,0.738675958,18484
2020,8,11,223,20.6,5.3,7.7,21.5,17.9,32.1,0,92,43,2.7,0.557632399,18485
2020,8,12,224,24.5,7.7,11.3,20.6,17,24.7,0,86,42,2.4,0.688259109,18486
2020,8,13,225,22.9,11.3,14.9,24.5,17.8,31.5,0,73.75,48,2.5,0.565079365,18487
2020,8,14,226,25.7,14.9,13.9,22.9,16,31.4,0.1,99,42,2.6,0.50955414,18488
2020,8,15,227,26.8,13.9,13.8,25.7,19.4,28.1,0,90,33,1.6,0.690391459,18489
2020,8,16,228,25.3,13.8,12.5,26.8,19.8,27.4,0,83,45,2,0.722627737,18490
2020,8,17,229,26.1,12.5,14.9,25.3,15.6,26,0,92,56,2.1,0.6,18491
2020,8,18,230,26.1,14.9,13.5,26.1,14.7,27,0.4,99,38,2.4,0.544444444,18492
2020,8,19,231,25.6,13.5,13.6,26.1,16.9,29.3,0.9,93,44,3.3,0.576791809,18493
2020,8,20,232,23.7,13.6,15.4,25.6,10,25.8,0.1,93,40,2,0.387596899,18494
2020,8,21,233,24.6,15.4,14.9,23.7,12.1,28.6,0.9,100,45,4.4,0.423076923,18495
2020,8,22,234,23.4,14.9,13.5,24.6,7.7,24.5,2.2,96,56,4.3,0.314285714,18496
2020,8,23,235,20.5,13.5,10.6,23.4,11.9,25.6,0.8,84,50,4.6,0.46484375,18497
2020,8,24,236,18.7,10.6,6.3,20.5,9.2,24.2,0.4,89,49,2.4,0.380165289,18498
2020,8,25,237,18,6.3,4.7,18.7,13.3,24,0,83,41,2.3,0.554166667,18499
2020,8,26,238,18.7,4.7,4.9,18,8.9,24.9,0,96,37,1.3,0.357429719,18500
2020,8,27,239,17.4,4.9,5.5,18.7,12.6,27.3,0,97,50,2.2,0.461538462,18501
2020,8,28,240,17,5.5,9.6,17.4,8.5,27.1,0,95,46,1.6,0.313653137,18502
2020,8,29,241,15.3,9.6,10.7,17,6.7,19.6,9.5,92,89,3.5,0.341836735,18503
2020,8,30,242,15.9,10.7,6.7,15.3,9.7,18.5,3.2,97,81,2.2,0.524324324,18504
2020,8,31,243,13.1,6.7,5.8,15.9,10,19.9,5.1,91,71,3.2,0.502512563,18505
2020,9,1,244,18.3,5.8,3.9,13.1,19.1,20.8,0.6,98,48,3,0.918269231,18506
2020,9,2,245,16.7,3.9,12.9,18.3,9.5,19.3,1.7,99,71,3.1,0.492227979,18507
2020,9,3,246,18.6,12.9,12.4,16.7,9,19.4,0.8,100,80,3,0.463917526,18508
2020,9,4,247,17.3,12.4,10.4,18.6,8.6,16.8,0.2,99,73,3.5,0.511904762,18509
2020,9,5,248,16.8,10.4,9.3,17.3,17.8,17.8,0.7,87,70,4.2,1,18510
2020,9,6,249,16.3,9.3,5.7,16.8,12.9,22.1,1.5,92,56,3.3,0.583710407,18511
2020,9,7,250,16.9,5.7,10.2,16.3,19.1,19.3,0.1,100,55,1.7,0.989637306,18512
2020,9,8,251,18.1,10.2,9.9,16.9,12,16,5.6,95,55,4.1,0.75,18513
2020,9,9,252,15.8,9.9,4.1,18.1,8,19.9,1,95,97,3.9,0.40201005,18514
2020,9,10,253,14.2,4.1,4.4,15.8,21.2,22,0,86,44,2.9,0.963636364,18515
2020,9,11,254,15.2,4.4,9,14.2,14,18.2,0,94,49,3.3,0.769230769,18516
2020,9,12,255,13.7,9,9.1,15.2,7.3,21.2,4.9,78,92,5.1,0.344339623,18517
2020,9,13,256,15.7,9.1,9.4,13.7,15.7,17.3,0,74,63,5,0.907514451,18518
2020,9,14,257,16.9,9.4,11.5,15.7,7.3,20.6,0,97,83,2.7,0.354368932,18519
2020,9,15,258,15.6,11.5,8.2,16.9,7.1,13.6,0,100,92,1.5,0.522058824,18520
2020,9,16,259,15.3,8.2,2.8,15.6,7.4,19.4,0,99,57,4.3,0.381443299,18521
2020,9,17,260,12.9,2.8,1.3,15.3,14.8,16.9,0,67,44,4,0.875739645,18522
2020,9,18,261,17.5,1.3,1.8,12.9,17.1,17.1,0,91,58,2.5,1,18523
2020,9,19,262,14.9,1.8,1.9,17.5,19.1,19.1,0,99,43,1.3,1,18524
2020,9,20,263,12.1,1.9,9.2,14.9,8.3,18.5,0.3,96,84,2.4,0.448648649,18525
2020,9,21,264,16.2,9.2,8.1,12.1,10.1,15.1,0,99,70,4.3,0.668874172,18526
2020,9,22,265,15.9,8.1,6.9,16.2,10,13.1,0,86,59,3.7,0.763358779,18527
2020,9,23,266,18.9,6.9,9.8,15.9,12.5,12.7,0.1,95,58,2.9,0.984251969,18528
2020,9,24,267,20.1,9.8,6.5,18.9,9.3,14.3,0.5,97,52,3.2,0.65034965,18529
2020,9,25,268,16.3,6.5,11.6,20.1,11.1,17.1,0.3,100,58,2.9,0.649122807,18530
2020,9,26,269,16.1,11.6,10.5,16.3,6.8,12.4,10.3,97,91,3.7,0.548387097,18531
2020,9,27,270,16.8,10.5,9.6,16.1,8.7,14.2,0,100,91,4.5,0.612676056,18532
2020,9,28,271,15.9,9.6,11.3,16.8,7.5,10.6,0.1,100,82,3,0.70754717,18533
2020,9,29,272,13.2,11.3,10,15.9,5.3,15.7,0.5,100,100,1.3,0.337579618,18534
2020,9,30,273,14.8,10,9.3,13.2,8.6,15,0.2,99,76,1.8,0.573333333,18535
2020,10,1,274,12.5,9.3,9.8,14.8,5.2,14.9,0.2,100,83,3.4,0.348993289,18536
2020,10,2,275,16.5,9.8,10,12.5,10.2,13.2,0.3,99,68,4,0.772727273,18537
2020,10,3,276,13.6,10,12.3,16.5,5.1,12.8,0,95,82,4.4,0.3984375,18538
2020,10,4,277,13.6,12.3,10.7,13.6,4.8,11.5,0.4,92,95,6,0.417391304,18539
2020,10,5,278,17.1,10.7,11,13.6,12.7,14,2,94,55,3.9,0.907142857,18540
2020,10,6,279,13.3,11,11,17.1,4.6,10.3,9.5,100,99,4.3,0.446601942,18541
2020,10,7,280,14.3,11,10,13.3,5.7,12.4,2.5,95,83,3.8,0.459677419,18542
2020,10,8,281,13.6,10,7.8,14.3,5.5,8.1,0,97,72,4,0.679012346,18543
2020,10,9,282,11.7,7.8,6.1,13.6,5.9,11.1,3.2,95,64,3.9,0.531531532,18544
2020,10,10,283,11,6.1,4.3,11.7,4.6,7.2,4.1,97,92,2.5,0.638888889,18545
2020,10,11,284,11.4,4.3,4.8,11,9.1,9.7,0,98,63,3.8,0.93814433,18546
2020,10,12,285,8,4.8,1.3,11.4,4.2,11.3,0.1,94,73,2.5,0.371681416,18547
2020,10,13,286,8.8,1.3,3.5,8,6.1,7.2,0,94,71,2.9,0.847222222,18548
2020,10,14,287,8.5,3.5,3.5,8.8,4.8,11.6,0,94,59,4.8,0.413793103,18549
2020,10,15,288,9.3,3.5,-0.9,8.5,5.5,11.4,0,91,68,2.8,0.48245614,18550
2020,10,16,289,7.6,-0.9,2.3,9.3,5.4,10.1,1.1,97,83,1.8,0.534653465,18551
2020,10,17,290,9.7,2.3,0,7.6,7.1,7.1,0.3,92,73,3,1,18552
2020,10,18,291,4.7,0,-3.5,9.7,5.7,9.8,0.1,72,57,3.4,0.581632653,18553
2020,10,19,292,4.8,-3.5,-4.5,4.7,8.1,10.3,0,75,47,2.9,0.786407767,18554
2020,10,20,293,6.5,-4.5,6.1,4.8,3.4,5.7,6.5,96,76,2.3,0.596491228,18555
2020,10,21,294,9.3,6.1,9.3,6.5,3.3,6.3,0.7,99,91,2.8,0.523809524,18556
2020,10,22,295,11,9.3,-3,9.3,3.1,8.9,11.2,99,93,3.1,0.348314607,18557
2020,10,23,296,9.8,-3,-2.3,11,3.2,7.2,3,96,75,2.2,0.444444444,18558
2020,10,24,297,4.1,-2.3,2.5,9.8,3,8.4,3.8,100,99,2,0.357142857,18559
2020,10,25,298,11.4,2.5,9.3,4.1,3,6,0.4,100,89,4.9,0.5,18560
2020,10,26,299,10.8,9.3,8,11.4,2.8,8,11.8,98,93,3.1,0.35,18561
2020,10,27,300,10,8,4.6,10.8,3.5,4.7,2.9,99,85,3.8,0.744680851,18562
2020,10,28,301,10.1,4.6,1.2,10,2.9,6.6,1.6,94,95,4.6,0.439393939,18563
2020,10,29,302,8.8,1.2,-1.5,10.1,4.7,7.6,0,99,89,2.1,0.618421053,18564
2020,10,30,303,3.5,-1.5,-0.4,8.8,3.3,7.4,0,100,100,0.8,0.445945946,18565
2020,10,31,304,8.8,-0.4,8.4,3.5,2.4,6.6,0.1,100,98,2.6,0.363636364,18566
2020,11,1,305,9.8,8.4,9.7,8.8,2.4,4.2,0.9,85,95,7,0.571428571,18567
2020,11,2,306,14.6,9.7,6.1,9.8,2.3,6.1,0.6,93,92,9.2,0.37704918,18568
2020,11,3,307,10.6,6.1,3.9,14.6,3.2,6.6,1,85,70,4.9,0.484848485,18569
2020,11,4,308,7.6,3.9,3.8,10.6,3.2,6.2,0,95,84,3.6,0.516129032,18570
2020,11,5,309,10.7,3.8,5.1,7.6,4.9,5.4,0,83,74,4.3,0.907407407,18571
2020,11,6,310,12.9,5.1,4.8,10.7,3.1,5.4,0,85,76,2,0.574074074,18572
2020,11,7,311,9.8,4.8,3.2,12.9,2,4.2,0,100,80,4,0.476190476,18573
2020,11,8,312,8.4,3.2,0.9,9.8,2.7,3.3,0.3,92,87,1.5,0.818181818,18574
2020,11,9,313,6.7,0.9,2.5,8.4,2.1,2.1,0,95,89,1.9,1,18575
2020,11,10,314,5.4,2.5,5,6.7,1.9,5.2,0,99,84,2.6,0.365384615,18576
2020,11,11,315,7,5,4.8,5.4,1.7,5.3,0,93,82,2.3,0.320754717,18577
2020,11,12,316,6.4,4.8,5.4,7,1.7,4,0.2,87,89,1.5,0.425,18578
2020,11,13,317,6.7,5.4,3.2,6.4,1.7,5,3,99,97,2.6,0.34,18579
2020,11,14,318,8.1,3.2,4.7,6.7,1.7,2.9,0.5,98,95,2.8,0.586206897,18580
2020,11,15,319,9.4,4.7,8,8.1,1.6,2.6,0.1,100,93,4.3,0.615384615,18581
2020,11,16,320,9.8,8,7.5,9.4,1.5,3.9,0.1,92,90,6,0.384615385,18582
2020,11,17,321,9.8,7.5,9.9,9.8,1.9,4.4,2.7,97,86,4.9,0.431818182,18583
2020,11,18,322,12.7,9.9,-1.4,9.8,1.4,2.3,0.1,88,86,6.2,0.608695652,18584
2020,11,19,323,10.8,-1.4,-3.5,12.7,1.5,2.3,1.7,85,90,7,0.652173913,18585
2020,11,20,324,2.9,-3.5,-3.9,10.8,3.1,3.1,0,71,68,3.4,1,18586
2020,11,21,325,6.7,-3.9,4.6,2.9,1.3,3.9,8.5,84,94,5.5,0.333333333,18587
2020,11,22,326,6.8,4.6,-0.5,6.7,2.8,3.5,0,83,72,6,0.8,18588
2020,11,23,327,4.9,-0.5,-2.1,6.8,3.5,3.5,0.1,68,73,4.3,1,18589
2020,11,24,328,6.4,-2.1,4.2,4.9,1.2,2.8,1.4,90,98,1.4,0.428571429,18590
2020,11,25,329,8.8,4.2,-0.7,6.4,1.2,2.9,0.4,99,82,4.3,0.413793103,18591
2020,11,26,330,7.7,-0.7,-2,8.8,1.2,2.2,3,99,98,2.5,0.545454545,18592
2020,11,27,331,0.8,-2,-0.7,7.7,2.6,3.2,0,96,94,1.9,0.8125,18593
2020,11,28,332,0.6,-0.7,-2.3,0.8,1.1,3.1,0.1,96,95,1.4,0.35483871,18594
2020,11,29,333,-0.6,-2.3,-2.7,0.6,1.1,1.7,0,99,97,1.5,0.647058824,18595
2020,11,30,334,1.9,-2.7,0.2,-0.6,1.1,2.5,0,99,99.25,2.7,0.44,18596
2020,12,1,335,1.8,0.2,0,1.9,1,2.1,0.4,94,96,1.9,0.476190476,18597
2020,12,2,336,2.6,0,1.8,1.8,1,2.9,0.6,100,96,2.5,0.344827586,18598
2020,12,3,337,3.3,1.8,1.7,2.6,1.2,2.4,0.7,71,81,4.9,0.5,18599
2020,12,4,338,4.7,1.7,4.7,3.3,1,1.5,8.7,96,94,3.9,0.666666667,18600
2020,12,5,339,7,4.7,4.8,4.7,1,2.8,0,98,97,2.7,0.357142857,18601
2020,12,6,340,7.3,4.8,3.4,7,0.9,2.6,0,91,94,5,0.346153846,18602
2020,12,7,341,4.9,3.4,1.1,7.3,0.9,2.7,0.1,94,82,5.2,0.333333333,18603
2020,12,8,342,3.7,1.1,1,4.9,0.9,1.9,0,84,78,4.3,0.473684211,18604
2020,12,9,343,1.9,1,0.1,3.7,0.9,1.8,0.5,94,94,2.8,0.5,18605
2020,12,10,344,2.3,0.1,0,1.9,0.9,2.6,0,94,82,3.1,0.346153846,18606
2020,12,11,345,2.6,0,2.8,2.3,0.9,1.4,2.5,90,97,3.5,0.642857143,18607
2020,12,12,346,4.6,2.8,0,2.6,0.8,2.4,0.2,98,99,2.3,0.333333333,18608
2020,12,13,347,3.1,0,-0.7,4.6,0.8,1,0.1,96,96,2.2,0.8,18609
2020,12,14,348,2.4,-0.7,3,3.1,1,2.4,0,96,92,1.9,0.416666667,18610
2020,12,15,349,6.3,3,0.9,2.4,0.8,2.3,0.8,96,95,4.5,0.347826087,18611
2020,12,16,350,6.1,0.9,1.6,6.3,0.8,1.1,5.1,100,90,3.3,0.727272727,18612
2020,12,17,351,5.8,1.6,2.2,6.1,0.8,2.1,3.3,98,96,3,0.380952381,18613
2020,12,18,352,5.7,2.2,3.5,5.8,0.8,2,1.2,97,90,3.1,0.4,18614
2020,12,19,353,6.6,3.5,4,5.7,0.8,2.1,0.5,98,96,3.8,0.380952381,18615
2020,12,20,354,6.1,4,4.5,6.6,0.8,1.2,0.4,92,94,4.1,0.666666667,18616
2020,12,21,355,5.8,4.5,2.6,6.1,0.9,1.2,1.9,99,94,3.8,0.75,18617
2020,12,22,356,5,2.6,-1.3,5.8,0.8,1.8,7,94,94,4.7,0.444444444,18618
2020,12,23,357,4.6,-1.3,-4.2,5,1,2.1,0,91,90,2.8,0.476190476,18619
2020,12,24,358,-0.2,-4.2,-1.7,4.6,2.3,2.3,0,98,90,1.8,1,18620
2020,12,25,359,-0.8,-1.7,-4.3,-0.2,0.9,1.4,1.1,94,96,4.2,0.642857143,18621
2020,12,26,360,0.8,-4.3,1.7,-0.8,0.8,2.4,0,96,98,2.8,0.333333333,18622
2020,12,27,361,4.4,1.7,0.6,0.8,0.8,2,0.9,92,90,8.7,0.4,18623
2020,12,28,362,3.8,0.6,2.6,4.4,0.8,2.4,3.1,76,92,6.8,0.333333333,18624
2020,12,29,363,4.6,2.6,-0.3,3.8,0.8,2.2,3.3,94,94,4,0.363636364,18625
2020,12,30,364,2.4,-0.3,0.6,4.6,0.8,1.6,4.5,96,99,2.3,0.5,18626
2020,12,31,365,3,0.6,0.5,2.4,0.9,2.5,0.5,96,92,2.5,0.36,18627
2021,1,1,1,1.7,0.5,-0.7,3,0.6,2.1,2.9,96,96,2,0.285714286,18628
2021,1,2,2,1.2,-0.7,-2.2,1.7,0.6,1.6,2,98,98,2.1,0.375,18629
2021,1,3,3,-0.4,-2.2,-1.6,1.2,0.6,1.5,0,88,84,2.7,0.4,18630
2021,1,4,4,-0.1,-1.6,-2.9,-0.4,0.6,2.6,0.1,92,94,3.3,0.230769231,18631
2021,1,5,5,-0.2,-2.9,-3.8,-0.1,0.8,2.7,0,96,92,3.2,0.296296296,18632
2021,1,6,6,-1.6,-3.8,-1.5,-0.2,0.6,2,0.1,83,86,4.1,0.3,18633
2021,1,7,7,-0.5,-1.5,-1.2,-1.6,0.6,1.5,1.1,89,97,4.2,0.4,18634
2021,1,8,8,0,-1.2,-7,-0.5,0.7,1.2,0,97,97,3.6,0.583333333,18635
2021,1,9,9,-1,-7,-3,0,0.7,1.6,0,94,98,1.4,0.4375,18636
2021,1,10,10,-0.4,-3,-4.2,-1,0.7,2.1,1.3,89,99,3.6,0.333333333,18637
2021,1,11,11,1.5,-4.2,-6.8,-0.4,0.8,1.9,6.4,98,97,4.8,0.421052632,18638
2021,1,12,12,1.6,-6.8,-6.4,1.5,1.4,2.3,5.9,99,84,3.6,0.608695652,18639
2021,1,13,13,-0.6,-6.4,-9.7,1.6,0.9,2.2,2.3,92,96,4.7,0.409090909,18640
2021,1,14,14,-2.5,-9.7,-11.8,-0.6,0.8,2.9,1.1,93,89,4.8,0.275862069,18641
2021,1,15,15,-6.7,-11.8,-7.8,-2.5,0.8,3.3,0.6,87,88,2.4,0.242424242,18642
2021,1,16,16,-2.2,-7.8,-3.8,-6.7,0.8,2.8,0,91,96,2,0.285714286,18643
2021,1,17,17,-2.6,-3.8,-2.8,-2.2,0.8,3.3,0,91,94,1.3,0.242424242,18644
2021,1,18,18,-1.3,-2.8,-3.1,-2.6,0.8,3.6,0,87,84,3.4,0.222222222,18645
2021,1,19,19,-0.2,-3.1,-0.4,-1.3,0.9,3.8,0.1,90,94,2.5,0.236842105,18646
2021,1,20,20,0.3,-0.4,0.4,-0.2,0.9,3.8,1.8,95,97,4.3,0.236842105,18647
2021,1,21,21,3.4,0.4,1.6,0.3,0.9,3,2.6,100,94,4.5,0.3,18648
2021,1,22,22,4.6,1.6,-1.1,3.4,0.9,2.7,3.6,90,94,6.3,0.333333333,18649
2021,1,23,23,4.2,-1.1,-3.9,4.6,1.7,2.3,0,78,70,5.5,0.739130435,18650
2021,1,24,24,-0.1,-3.9,-3.1,4.2,1.5,3.4,0,99,96,0.8,0.441176471,18651
2021,1,25,25,-0.1,-3.1,-4.1,-0.1,1,2.1,2.7,92,97,3.8,0.476190476,18652
2021,1,26,26,-3,-4.1,-11.1,-0.1,1.1,2.6,0,91,92,2.9,0.423076923,18653
2021,1,27,27,-3.8,-11.1,-9.4,-3,1.1,2.8,0,91,93,1.8,0.392857143,18654
2021,1,28,28,-2.3,-9.4,-6.3,-3.8,1.1,2.6,5.3,93,96,2.6,0.423076923,18655
2021,1,29,29,-3.9,-6.3,-14.4,-2.3,1.4,2.5,0,96,91,3,0.56,18656
2021,1,30,30,-6.7,-14.4,-16.2,-3.9,2,3,0,87,85,2,0.666666667,18657
2021,1,31,31,-7.9,-16.2,-13.3,-6.7,3.6,3.6,0,87,81,1.2,1,18658
2021,2,1,32,-7.4,-13.3,-12.5,-7.9,3.1,3.1,0,90,90,0.7,1,18659
2021,2,2,33,-2.1,-12.5,-9.3,-7.4,1.3,5.3,3.2,93,93,4.3,0.245283019,18660
2021,2,3,34,-4.7,-9.3,-10.8,-2.1,1.5,5.8,0,89,85,3.1,0.25862069,18661
2021,2,4,35,-8,-10.8,-11.7,-4.7,1.6,6,0.2,87,82,3.3,0.266666667,18662
2021,2,5,36,-6.2,-11.7,-12.4,-8,2.5,5.7,0.1,89,87,2.3,0.438596491,18663
2021,2,6,37,-6.4,-12.4,-16.1,-6.2,2.4,5.3,0,90,76,2.4,0.452830189,18664
2021,2,7,38,-6.1,-16.1,-11.6,-6.4,1.8,6.2,0,86,86,1.9,0.290322581,18665
2021,2,8,39,-5.1,-11.6,-16.7,-6.1,2.5,6.1,0,92,77,2.8,0.409836066,18666
2021,2,9,40,-6.8,-16.7,-19.8,-5.1,2.3,4.4,0.1,88,69,3.3,0.522727273,18667
2021,2,10,41,-6.8,-19.8,-13.8,-6.8,1.6,3.8,0.9,83,88,1.8,0.421052632,18668
2021,2,11,42,-8.7,-13.8,-14.4,-6.8,2.6,3.3,0,88,83,2.4,0.787878788,18669
2021,2,12,43,-2.7,-14.4,-10.7,-8.7,1.8,7.6,0,86,75,2.1,0.236842105,18670
2021,2,13,44,-1.4,-10.7,-7.9,-2.7,5.1,7.4,0,70,56,2.5,0.689189189,18671
2021,2,14,45,-0.5,-7.9,-12,-1.4,2.1,8.1,0,79,60,2,0.259259259,18672
2021,2,15,46,-3.5,-12,-12.9,-0.5,5.4,7.7,0,85,62,1.2,0.701298701,18673
2021,2,16,47,-3,-12.9,-7,-3.5,2.2,8.3,0,88,81,1.5,0.265060241,18674
2021,2,17,48,-3.3,-7,-6.6,-3,2.1,6.5,0.4,75,66,3.8,0.323076923,18675
2021,2,18,49,-1.4,-6.6,-1.3,-3.3,2.2,5.1,0,74,73,3.9,0.431372549,18676
2021,2,19,50,0.9,-1.3,0.9,-1.4,2.1,5.7,0.2,92,96,4.3,0.368421053,18677
2021,2,20,51,4,0.9,2,0.9,2.4,9.1,1.1,98,92,3.9,0.263736264,18678
2021,2,21,52,5.6,2,0.5,4,2.3,8.3,0.4,100,89,2.3,0.277108434,18679
2021,2,22,53,2.7,0.5,0.9,5.6,2.3,9.3,0,99,99,2.8,0.247311828,18680
2021,2,23,54,4,0.9,-0.4,2.7,2.3,8.2,0.5,100,94,3,0.280487805,18681
2021,2,24,55,8.6,-0.4,5,4,2.4,10.2,0,98,88,5.1,0.235294118,18682
2021,2,25,56,9.9,5,2.4,8.6,2.5,10.5,0,91,78,6.5,0.238095238,18683
2021,2,26,57,10,2.4,-0.9,9.9,7.4,10.5,0,88,52,4.5,0.704761905,18684
2021,2,27,58,6.2,-0.9,0.1,10,6,11,0,84,54,2.5,0.545454545,18685
2021,2,28,59,10.8,0.1,-1.2,6.2,5.3,10.7,0,75,50,2,0.495327103,18686
2021,3,1,60,7.8,-1.2,-1.7,10.8,4.6,9.7,0,94,54,2.6,0.474226804,18687
2021,3,2,61,8,-1.7,-0.8,7.8,5.7,9.6,0,72,37,2.2,0.59375,18688
2021,3,3,62,5.2,-0.8,-4.5,8,8.3,8.3,0,94,75,2.6,1,18689
2021,3,4,63,2.2,-4.5,-5.2,5.2,5.3,7.5,0.1,69,47,2.5,0.706666667,18690
2021,3,5,64,0.1,-5.2,-3.7,2.2,6.2,7.5,0,83,40,2.6,0.826666667,18691
2021,3,6,65,4.4,-3.7,-2,0.1,3.9,8.9,0.1,56,58,5.2,0.438202247,18692
2021,3,7,66,0.6,-2,-4,4.4,4.9,8,0,44,39,6.1,0.6125,18693
2021,3,8,67,1.8,-4,-4,0.6,8.7,8.7,0.1,62,30,2.9,1,18694
2021,3,9,68,0.3,-4,-6.7,1.8,3.4,8.9,0.6,67,84,4,0.382022472,18695
2021,3,10,69,-4.4,-6.7,-6.5,0.3,3.4,12.3,0.6,81,70,3,0.276422764,18696
2021,3,11,70,1.9,-6.5,0.2,-4.4,3.6,15,2.4,85,80,8,0.24,18697
2021,3,12,71,3.4,0.2,0.9,1.9,3.5,15,0.8,100,90,3.3,0.233333333,18698
2021,3,13,72,5.1,0.9,-0.9,3.4,3.6,10.5,0,88,65,2.6,0.342857143,18699
2021,3,14,73,5.1,-0.9,-2.9,5.1,3.6,16.3,0,96,53,1.3,0.220858896,18700
2021,3,15,74,6.1,-2.9,-4.3,5.1,3.7,11.4,0,91,69,1.2,0.324561404,18701
2021,3,16,75,4.9,-4.3,-4.7,6.1,7.5,16.4,0,97,58,1.3,0.457317073,18702
2021,3,17,76,1.7,-4.7,-4.5,4.9,4.7,15.1,0,88,60,2.5,0.311258278,18703
2021,3,18,77,2.3,-4.5,-5.5,1.7,5.6,10.7,0,82,79,3.6,0.523364486,18704
2021,3,19,78,0.4,-5.5,-2.4,2.3,6.6,18.2,0,77,41,3.8,0.362637363,18705
2021,3,20,79,6,-2.4,-0.3,0.4,4.7,10.6,0,77,61,4.1,0.443396226,18706
2021,3,21,80,5,-0.3,-0.6,6,9.4,14.3,0.5,54,33,4.7,0.657342657,18707
2021,3,22,81,9.7,-0.6,-0.2,5,4.8,18.3,0,59,46,2.5,0.262295082,18708
2021,3,23,82,13.1,-0.2,3.5,9.7,10.8,19,0,80,38,2.8,0.568421053,18709
2021,3,24,83,8.7,3.5,3.1,13.1,6.7,14,0,77,65,6.3,0.478571429,18710
2021,3,25,84,9.8,3.1,2,8.7,9.1,15,0,82,50,4.8,0.606666667,18711
2021,3,26,85,11.5,2,2.5,9.8,6.7,17.5,0,92,48,3.9,0.382857143,18712
2021,3,27,86,12.1,2.5,2.6,11.5,8.2,16,0,90,62,4.4,0.5125,18713
2021,3,28,87,5.1,2.6,4.4,12.1,4.7,17.9,0.5,94,96,4.1,0.262569832,18714
2021,3,29,88,10.4,4.4,7.6,5.1,5,19.5,0.5,92,79,5.8,0.256410256,18715
2021,3,30,89,13.2,7.6,2.3,10.4,6.1,16.7,0,89,67,5.3,0.365269461,18716
2021,3,31,90,8.3,2.3,-0.6,13.2,5.1,14.4,1.2,94,87,2.3,0.354166667,18717
2021,4,1,91,8.6,-0.6,0.4,8.3,11.9,22,0,83,41,2.4,0.540909091,18718
2021,4,2,92,7.1,0.4,0.7,8.6,6.7,17.6,0.1,63,69,2.8,0.380681818,18719
2021,4,3,93,7.7,0.7,0.8,7.1,9.7,15.7,0,65,40,3.3,0.617834395,18720
2021,4,4,94,11.5,0.8,-1.7,7.7,14.2,20.9,0,73,40,6.6,0.679425837,18721
2021,4,5,95,5.2,-1.7,-1.1,11.5,5.9,16.1,2.3,90,64,5.4,0.366459627,18722
2021,4,6,96,7.7,-1.1,-3.6,5.2,9,20.1,0,59,33,5.9,0.447761194,18723
2021,4,7,97,6.7,-3.6,-5.4,7.7,6.8,14.3,0.4,99,37,2.7,0.475524476,18724
2021,4,8,98,6.9,-5.4,0.3,6.7,13.2,14.1,0,89,37,2.8,0.936170213,18725
2021,4,9,99,6.7,0.3,0.8,6.9,6.1,17.7,4.9,84,76,7,0.344632768,18726
2021,4,10,100,7.9,0.8,-2.6,6.7,15.8,17.8,0,85,38,5.4,0.887640449,18727
2021,4,11,101,8.5,-2.6,1.3,7.9,9.4,21.2,1.6,81,43,3.4,0.443396226,18728
2021,4,12,102,5.2,1.3,-2.7,8.5,6,24.4,0,99,85,3,0.245901639,18729
2021,4,13,103,5.8,-2.7,-4.8,5.2,9.1,18.5,0.5,90,56,3.2,0.491891892,18730
2021,4,14,104,6.6,-4.8,-5,5.8,12.8,19.4,0,96,42,1.8,0.659793814,18731
2021,4,15,105,8.4,-5,-2.1,6.6,14.2,27.3,0,89,39,2.9,0.52014652,18732
2021,4,16,106,11.4,-2.1,-0.8,8.4,18.2,20.3,0,77,31,5,0.896551724,18733
2021,4,17,107,13.3,-0.8,-0.5,11.4,13.9,27.7,0,88,24,3.8,0.501805054,18734
2021,4,18,108,14.5,-0.5,-0.8,13.3,18,28.5,0,88,27,3.6,0.631578947,18735
2021,4,19,109,14.5,-0.8,-2.8,14.5,18.9,23,0,78,33,2.7,0.82173913,18736
2021,4,20,110,14.9,-2.8,0.3,14.5,19.1,24.9,0,88,29,2.3,0.767068273,18737
2021,4,21,111,13.9,0.3,-0.3,14.9,12.8,29.3,0,54,60,3,0.436860068,18738
2021,4,22,112,3.3,-0.3,-0.6,13.9,6.7,29.4,1.6,92,98,4.3,0.227891156,18739
2021,4,23,113,6.8,-0.6,-0.5,3.3,9.9,29.4,0,72,34,3.8,0.336734694,18740
2021,4,24,114,5.1,-0.5,-1.3,6.8,8.7,30,0.1,60,57,3.3,0.29,18741
2021,4,25,115,3.4,-1.3,-1.5,5.1,7.3,21.7,0,61,59,4.1,0.33640553,18742
2021,4,26,116,4.2,-1.5,-2.8,3.4,6.9,23,0,69,57,4.1,0.3,18743
2021,4,27,117,9.1,-2.8,-3.6,4.2,13.9,25.6,0,61,45,2.4,0.54296875,18744
2021,4,28,118,7.9,-3.6,-3.3,9.1,8.5,29.8,0,85,35,1.8,0.285234899,18745
2021,4,29,119,7.7,-3.3,-5.5,7.9,7.3,24.9,0,87,51,1.6,0.293172691,18746
2021,4,30,120,10,-5.5,-3.4,7.7,14.5,22.1,0,81,29,2.5,0.656108597,18747
2021,5,1,121,8.6,-3.4,1.2,10,11.4,31.5,0,82,35,2.4,0.361904762,18748
2021,5,2,122,9.5,1.2,-2.9,8.6,9.8,32.3,0.2,60,45,3.6,0.303405573,18749
2021,5,3,123,10.5,-2.9,1.8,9.5,13.3,27.9,0,83,43,1.8,0.476702509,18750
2021,5,4,124,10.2,1.8,1.1,10.5,9.2,31.6,0,75,42,4.1,0.291139241,18751
2021,5,5,125,3.5,1.1,1.3,10.2,7.5,33.9,17,92,94,6.8,0.221238938,18752
2021,5,6,126,3.7,1.3,0.8,3.5,7.6,31.7,0.5,96,85,5,0.239747634,18753
2021,5,7,127,5.8,0.8,-1.2,3.7,8.1,31.8,0,82,66,2.8,0.254716981,18754
2021,5,8,128,10.6,-1.2,1.7,5.8,15.3,26.2,0,78,45,2.6,0.583969466,18755
2021,5,9,129,10.3,1.7,6.2,10.6,8.6,29.9,2,77,86,4.1,0.287625418,18756
2021,5,10,130,17.7,6.2,7.9,10.3,10.1,22.9,3.8,100,56,4,0.441048035,18757
2021,5,11,131,23,7.9,7.2,17.7,15.4,31.2,0,76,47,1.8,0.493589744,18758
2021,5,12,132,20.4,7.2,11.1,23,23.5,31,0,62,35,4.4,0.758064516,18759
2021,5,13,133,22.1,11.1,7.3,20.4,20.5,29.3,0,69,31,3.2,0.699658703,18760
2021,5,14,134,15.7,7.3,6.2,22.1,9,30.1,3.6,74,73,2.6,0.299003322,18761
2021,5,15,135,13.4,6.2,7,15.7,8.8,22.6,0.1,99,69,3,0.389380531,18762
2021,5,16,136,15,7,7.1,13.4,10.7,35.3,0,95,57,3.2,0.303116147,18763
2021,5,17,137,14.9,7.1,5.7,15,11.1,30.4,6.6,98,66,4.2,0.365131579,18764
2021,5,18,138,16.8,5.7,4.9,14.9,15.6,30.1,0,100,55,1.8,0.518272425,18765
2021,5,19,139,17.3,4.9,5.7,16.8,14.9,32.4,0.2,85,48,1.9,0.459876543,18766
2021,5,20,140,14.2,5.7,4.9,17.3,12.4,25.7,0,85,55,2.6,0.482490272,18767
2021,5,21,141,15.4,4.9,4.7,14.2,12.5,31.7,1.2,91,77,2.3,0.394321767,18768
2021,5,22,142,14.9,4.7,2.8,15.4,10.3,36.1,0.9,93,53,2.1,0.28531856,18769
2021,5,23,143,12.1,2.8,4.9,14.9,10.3,27.8,0,99,93,3.8,0.370503597,18770
2021,5,24,144,11.4,4.9,7.3,12.1,9.3,36.7,0.8,89,93,1.9,0.253405995,18771
2021,5,25,145,14.4,7.3,6.2,11.4,9.1,22.5,0.9,97,50,4.5,0.404444444,18772
2021,5,26,146,9.4,6.2,5,14.4,8.6,33.9,19.3,95,96,6,0.253687316,18773
2021,5,27,147,6.7,5,4.7,9.4,8.7,36.7,2.7,96,97,3.8,0.237057221,18774
2021,5,28,148,16.2,4.7,4.6,6.7,12.5,29.1,0,99,35,2.9,0.429553265,18775
2021,5,29,149,16.3,4.6,2.4,16.2,22.6,35.8,0,63,35,2.4,0.631284916,18776
2021,5,30,150,19.7,2.4,7.2,16.3,26.2,36.8,0,65,34,1.9,0.711956522,18777
2021,5,31,151,19.7,7.2,5.7,19.7,15.2,39.1,0,54,52,2.9,0.388746803,18778
2021,6,1,152,16.3,5.7,6.4,19.7,27.7,37.3,0.2,74,50,4.1,0.742627346,18779
2021,6,2,153,19.9,6.4,4.7,16.3,35.7,39.6,0,70,38,2.6,0.901515152,18780
2021,6,3,154,21.8,4.7,5.2,19.9,32.1,32.2,0,72,34,2,0.99689441,18781
2021,6,4,155,20.6,5.2,7.4,21.8,32.5,37.1,0,65,33,1.7,0.876010782,18782
2021,6,5,156,23.4,7.4,11.3,20.6,34.1,34.1,0.1,65,34,2,1,18783
2021,6,6,157,24.1,11.3,12.5,23.4,32.6,40,0,65,33,2.1,0.815,18784
2021,6,7,158,24.4,12.5,12.1,24.1,27.5,35.5,0,67,54,1.9,0.774647887,18785
2021,6,8,159,19.4,12.1,10.6,24.4,19,39.1,2,97,80,1.3,0.485933504,18786
2021,6,9,160,20.6,10.6,11.7,19.4,16.7,34.3,4.3,95,67,1.2,0.486880466,18787
2021,6,10,161,22.5,11.7,12.3,20.6,36.3,40.5,0.1,75,37,1.8,0.896296296,18788
2021,6,11,162,23.7,12.3,10,22.5,32.7,40,0.8,79,57,3.6,0.8175,18789
2021,6,12,163,17.6,10,10.2,23.7,16.9,39.7,10.2,95,82,3.4,0.425692695,18790
2021,6,13,164,18.8,10.2,11.1,17.6,34.1,40.6,0,68,40,3.3,0.839901478,18791
2021,6,14,165,19.6,11.1,5.2,18.8,22.4,40.7,0.8,71,61,5.7,0.55036855,18792
2021,6,15,166,23,5.2,9.3,19.6,27.4,35.8,0.3,54,31,2.8,0.765363128,18793
2021,6,16,167,17.9,9.3,9.7,23,14.9,27.3,9.1,67,99,2.3,0.545787546,18794
2021,6,17,168,15.3,9.7,8.8,17.9,15.7,34.1,6.6,99,97,2,0.460410557,18795
2021,6,18,169,22.4,8.8,10.7,15.3,30,30,0,89,51,1.3,1,18796
2021,6,19,170,25.2,10.7,13.4,22.4,38.3,38.3,0.1,81,42,3.3,1,18797
2021,6,20,171,24,13.4,13,25.2,37.7,37.7,0,81,57,4.5,1,18798
2021,6,21,172,22.3,13,9.4,24,41.2,41.2,0,63,38,3.8,1,18799
2021,6,22,173,20.8,9.4,8.3,22.3,28.2,37.9,0.1,69,46,2.9,0.744063325,18800
2021,6,23,174,24.3,8.3,12.7,20.8,33.7,33.7,0,91,42,1.1,1,18801
2021,6,24,175,27,12.7,15.3,24.3,40.3,40.3,0,75,32,1.7,1,18802
2021,6,25,176,28.4,15.3,11.6,27,38.7,38.7,0,73,39,2.1,1,18803
2021,6,26,177,27.3,11.6,14.7,28.4,39.9,39.9,0,69,30,2.9,1,18804
2021,6,27,178,27.3,14.7,15.2,27.3,32.9,32.9,0,70,37,2.5,1,18805
2021,6,28,179,26.9,15.2,13.1,27.3,26.1,36.8,0,80,43,3.8,0.70923913,18806
2021,6,29,180,21.4,13.1,11.8,26.9,21.9,27.7,3.9,97,49,2.3,0.790613718,18807
2021,6,30,181,18,11.8,11.6,21.4,15.2,36.6,3.8,82,81,2.7,0.415300546,18808
2021,7,1,182,18.2,11.6,11.2,18,18,30.7,0.5,84,55,2.9,0.586319218,18809
2021,7,2,183,17.9,11.2,7.6,18.2,22.7,39.7,2,91,87,3,0.571788413,18810
2021,7,3,184,18.3,7.6,10.5,17.9,28,40,0,76,43,3.3,0.7,18811
2021,7,4,185,16.3,10.5,12.9,18.3,14.7,34.4,5.9,93,85,2.3,0.427325581,18812
2021,7,5,186,18.4,12.9,11.8,16.3,15.1,32.7,22.4,85,97,4.2,0.4617737,18813
2021,7,6,187,16.7,11.8,10.5,18.4,18.3,38.2,1.3,70,77,6.7,0.479057592,18814
2021,7,7,188,17.9,10.5,7.6,16.7,23.7,37.2,0.8,80,44,4.1,0.637096774,18815
2021,7,8,189,13.5,7.6,8.3,17.9,18.7,32.5,4.9,81,65,2.2,0.575384615,18816
2021,7,9,190,17.9,8.3,5.9,13.5,34.2,34.2,0,82,39,2.3,1,18817
2021,7,10,191,17.6,5.9,9.3,17.9,14.3,34.1,2.3,73,90,1.5,0.419354839,18818
2021,7,11,192,18.2,9.3,8.3,17.6,17.9,23.7,1.9,99,54,2.1,0.755274262,18819
2021,7,12,193,18.1,8.3,7.3,18.2,22.9,24.5,1.7,89,85,1.9,0.934693878,18820
2021,7,13,194,17.8,7.3,11,18.1,23.3,31.1,0.7,95,46,2,0.749196141,18821
2021,7,14,195,18.9,11,12.1,17.8,16.6,33.2,0.3,89,54,1.9,0.5,18822
2021,7,15,196,18.9,12.1,11.7,18.9,17.5,31.2,0.5,89,57,2.8,0.560897436,18823
2021,7,16,197,24.5,11.7,11.1,18.9,28.6,28.6,0.6,100,48,1.5,1,18824
2021,7,17,198,24.5,11.1,14,24.5,30.3,30.3,0,76,39,2.8,1,18825
2021,7,18,199,23.1,14,14.7,24.5,24,28.8,0.2,79,53,2.8,0.833333333,18826
2021,7,19,200,24.5,14.7,13.4,23.1,23.9,29.4,0.7,85,49,3.3,0.81292517,18827
2021,7,20,201,22,13.4,11,24.5,15.7,36.8,3.4,91,67,3.6,0.426630435,18828
2021,7,21,202,16.5,11,9.3,22,15.7,33,0.3,86,62,1.9,0.475757576,18829
2021,7,22,203,18.2,9.3,8.1,16.5,31.3,31.3,1.2,71,37,3.5,1,18830
2021,7,23,204,17.7,8.1,8.6,18.2,30.8,34.7,0,69,38,3.5,0.887608069,18831
2021,7,24,205,18.5,8.6,7.5,17.7,27.8,30.3,0,69,36,3,0.917491749,18832
2021,7,25,206,21,7.5,8.9,18.5,26.9,31.4,0.3,79,42,2.4,0.856687898,18833
2021,7,26,207,21.5,8.9,14.1,21,27.3,34.5,0,80,43,4,0.791304348,18834
2021,7,27,208,20.6,14.1,12,21.5,24.7,35.8,5.7,95,59,2.8,0.689944134,18835
2021,7,28,209,18.7,12,11.5,20.6,13.1,35.1,3.5,100,71,3.8,0.373219373,18836
2021,7,29,210,17.4,11.5,12.7,18.7,18.3,27.2,2,91,61,3.5,0.672794118,18837
2021,7,30,211,19.5,12.7,10.2,17.4,16.7,24.8,16.3,91,88,3.5,0.673387097,18838
2021,7,31,212,19.1,10.2,8.9,19.5,18.2,24.5,0.1,95,67,3.7,0.742857143,18839
2021,8,1,213,24.6,8.9,13.8,19.1,21.9,30.3,0,94,40,1.9,0.722772277,18840
2021,8,2,214,22.6,13.8,12.2,24.6,9.5,24.6,0,83,39,3.7,0.386178862,18841
2021,8,3,215,19.6,12.2,8.9,22.6,16.7,30.6,0,85,54,3.9,0.545751634,18842
2021,8,4,216,20.1,8.9,9.9,19.6,17.4,32,0,86,46,1.4,0.54375,18843
2021,8,5,217,18.1,9.9,14.1,20.1,11.4,19.8,0,81,47,3.8,0.575757576,18844
2021,8,6,218,21.5,14.1,12.8,18.1,8.8,22.9,0.5,97,67,2.8,0.384279476,18845
2021,8,7,219,28.1,12.8,15.8,21.5,19.5,30.9,0.4,85,39,2.6,0.631067961,18846
2021,8,8,220,27.4,15.8,10.8,28.1,20.5,22.1,0.4,74,36,3.3,0.92760181,18847
2021,8,9,221,21.5,10.8,6.7,27.4,19.2,27.6,0.5,80,56,2.8,0.695652174,18848
2021,8,10,222,21.5,6.7,5.3,21.5,21.2,28.7,0,85,36,2.4,0.738675958,18849
2021,8,11,223,20.6,5.3,7.7,21.5,17.9,32.1,0,92,43,2.7,0.557632399,18850
2021,8,12,224,24.5,7.7,11.3,20.6,17,24.7,0,86,42,2.4,0.688259109,18851
2021,8,13,225,22.9,11.3,14.9,24.5,17.8,31.5,0,73.75,48,2.5,0.565079365,18852
2021,8,14,226,25.7,14.9,13.9,22.9,16,31.4,0.1,99,42,2.6,0.50955414,18853
2021,8,15,227,26.8,13.9,13.8,25.7,19.4,28.1,0,90,33,1.6,0.690391459,18854
2021,8,16,228,25.3,13.8,12.5,26.8,19.8,27.4,0,83,45,2,0.722627737,18855
2021,8,17,229,26.1,12.5,14.9,25.3,15.6,26,0,92,56,2.1,0.6,18856
2021,8,18,230,26.1,14.9,13.5,26.1,14.7,27,0.4,99,38,2.4,0.544444444,18857
2021,8,19,231,25.6,13.5,13.6,26.1,16.9,29.3,0.9,93,44,3.3,0.576791809,18858
2021,8,20,232,23.7,13.6,15.4,25.6,10,25.8,0.1,93,40,2,0.387596899,18859
2021,8,21,233,24.6,15.4,14.9,23.7,12.1,28.6,0.9,100,45,4.4,0.423076923,18860
2021,8,22,234,23.4,14.9,13.5,24.6,7.7,24.5,2.2,96,56,4.3,0.314285714,18861
2021,8,23,235,20.5,13.5,10.6,23.4,11.9,25.6,0.8,84,50,4.6,0.46484375,18862
2021,8,24,236,18.7,10.6,6.3,20.5,9.2,24.2,0.4,89,49,2.4,0.380165289,18863
2021,8,25,237,18,6.3,4.7,18.7,13.3,24,0,83,41,2.3,0.554166667,18864
2021,8,26,238,18.7,4.7,4.9,18,8.9,24.9,0,96,37,1.3,0.357429719,18865
2021,8,27,239,17.4,4.9,5.5,18.7,12.6,27.3,0,97,50,2.2,0.461538462,18866
2021,8,28,240,17,5.5,9.6,17.4,8.5,27.1,0,95,46,1.6,0.313653137,18867
2021,8,29,241,15.3,9.6,10.7,17,6.7,19.6,9.5,92,89,3.5,0.341836735,18868
2021,8,30,242,15.9,10.7,6.7,15.3,9.7,18.5,3.2,97,81,2.2,0.524324324,18869
2021,8,31,243,13.1,6.7,5.8,15.9,10,19.9,5.1,91,71,3.2,0.502512563,18870
2021,9,1,244,18.3,5.8,3.9,13.1,19.1,20.8,0.6,98,48,3,0.918269231,18871
2021,9,2,245,16.7,3.9,12.9,18.3,9.5,19.3,1.7,99,71,3.1,0.492227979,18872
2021,9,3,246,18.6,12.9,12.4,16.7,9,19.4,0.8,100,80,3,0.463917526,18873
2021,9,4,247,17.3,12.4,10.4,18.6,8.6,16.8,0.2,99,73,3.5,0.511904762,18874
2021,9,5,248,16.8,10.4,9.3,17.3,17.8,17.8,0.7,87,70,4.2,1,18875
2021,9,6,249,16.3,9.3,5.7,16.8,12.9,22.1,1.5,92,56,3.3,0.583710407,18876
2021,9,7,250,16.9,5.7,10.2,16.3,19.1,19.3,0.1,100,55,1.7,0.989637306,18877
2021,9,8,251,18.1,10.2,9.9,16.9,12,16,5.6,95,55,4.1,0.75,18878
2021,9,9,252,15.8,9.9,4.1,18.1,8,19.9,1,95,97,3.9,0.40201005,18879
2021,9,10,253,14.2,4.1,4.4,15.8,21.2,22,0,86,44,2.9,0.963636364,18880
2021,9,11,254,15.2,4.4,9,14.2,14,18.2,0,94,49,3.3,0.769230769,18881
2021,9,12,255,13.7,9,9.1,15.2,7.3,21.2,4.9,78,92,5.1,0.344339623,18882
2021,9,13,256,15.7,9.1,9.4,13.7,15.7,17.3,0,74,63,5,0.907514451,18883
2021,9,14,257,16.9,9.4,11.5,15.7,7.3,20.6,0,97,83,2.7,0.354368932,18884
2021,9,15,258,15.6,11.5,8.2,16.9,7.1,13.6,0,100,92,1.5,0.522058824,18885
2021,9,16,259,15.3,8.2,2.8,15.6,7.4,19.4,0,99,57,4.3,0.381443299,18886
2021,9,17,260,12.9,2.8,1.3,15.3,14.8,16.9,0,67,44,4,0.875739645,18887
2021,9,18,261,17.5,1.3,1.8,12.9,17.1,17.1,0,91,58,2.5,1,18888
2021,9,19,262,14.9,1.8,1.9,17.5,19.1,19.1,0,99,43,1.3,1,18889
2021,9,20,263,12.1,1.9,9.2,14.9,8.3,18.5,0.3,96,84,2.4,0.448648649,18890
2021,9,21,264,16.2,9.2,8.1,12.1,10.1,15.1,0,99,70,4.3,0.668874172,18891
2021,9,22,265,15.9,8.1,6.9,16.2,10,13.1,0,86,59,3.7,0.763358779,18892
2021,9,23,266,18.9,6.9,9.8,15.9,12.5,12.7,0.1,95,58,2.9,0.984251969,18893
2021,9,24,267,20.1,9.8,6.5,18.9,9.3,14.3,0.5,97,52,3.2,0.65034965,18894
2021,9,25,268,16.3,6.5,11.6,20.1,11.1,17.1,0.3,100,58,2.9,0.649122807,18895
2021,9,26,269,16.1,11.6,10.5,16.3,6.8,12.4,10.3,97,91,3.7,0.548387097,18896
2021,9,27,270,16.8,10.5,9.6,16.1,8.7,14.2,0,100,91,4.5,0.612676056,18897
2021,9,28,271,15.9,9.6,11.3,16.8,7.5,10.6,0.1,100,82,3,0.70754717,18898
2021,9,29,272,13.2,11.3,10,15.9,5.3,15.7,0.5,100,100,1.3,0.337579618,18899
2021,9,30,273,14.8,10,9.3,13.2,8.6,15,0.2,99,76,1.8,0.573333333,18900
2021,10,1,274,12.5,9.3,9.8,14.8,5.2,14.9,0.2,100,83,3.4,0.348993289,18901
2021,10,2,275,16.5,9.8,10,12.5,10.2,13.2,0.3,99,68,4,0.772727273,18902
2021,10,3,276,13.6,10,12.3,16.5,5.1,12.8,0,95,82,4.4,0.3984375,18903
2021,10,4,277,13.6,12.3,10.7,13.6,4.8,11.5,0.4,92,95,6,0.417391304,18904
2021,10,5,278,17.1,10.7,11,13.6,12.7,14,2,94,55,3.9,0.907142857,18905
2021,10,6,279,13.3,11,11,17.1,4.6,10.3,9.5,100,99,4.3,0.446601942,18906
2021,10,7,280,14.3,11,10,13.3,5.7,12.4,2.5,95,83,3.8,0.459677419,18907
2021,10,8,281,13.6,10,7.8,14.3,5.5,8.1,0,97,72,4,0.679012346,18908
2021,10,9,282,11.7,7.8,6.1,13.6,5.9,11.1,3.2,95,64,3.9,0.531531532,18909
2021,10,10,283,11,6.1,4.3,11.7,4.6,7.2,4.1,97,92,2.5,0.638888889,18910
2021,10,11,284,11.4,4.3,4.8,11,9.1,9.7,0,98,63,3.8,0.93814433,18911
2021,10,12,285,8,4.8,1.3,11.4,4.2,11.3,0.1,94,73,2.5,0.371681416,18912
2021,10,13,286,8.8,1.3,3.5,8,6.1,7.2,0,94,71,2.9,0.847222222,18913
2021,10,14,287,8.5,3.5,3.5,8.8,4.8,11.6,0,94,59,4.8,0.413793103,18914
2021,10,15,288,9.3,3.5,-0.9,8.5,5.5,11.4,0,91,68,2.8,0.48245614,18915
2021,10,16,289,7.6,-0.9,2.3,9.3,5.4,10.1,1.1,97,83,1.8,0.534653465,18916
2021,10,17,290,9.7,2.3,0,7.6,7.1,7.1,0.3,92,73,3,1,18917
2021,10,18,291,4.7,0,-3.5,9.7,5.7,9.8,0.1,72,57,3.4,0.581632653,18918
2021,10,19,292,4.8,-3.5,-4.5,4.7,8.1,10.3,0,75,47,2.9,0.786407767,18919
2021,10,20,293,6.5,-4.5,6.1,4.8,3.4,5.7,6.5,96,76,2.3,0.596491228,18920
2021,10,21,294,9.3,6.1,9.3,6.5,3.3,6.3,0.7,99,91,2.8,0.523809524,18921
2021,10,22,295,11,9.3,-3,9.3,3.1,8.9,11.2,99,93,3.1,0.348314607,18922
2021,10,23,296,9.8,-3,-2.3,11,3.2,7.2,3,96,75,2.2,0.444444444,18923
2021,10,24,297,4.1,-2.3,2.5,9.8,3,8.4,3.8,100,99,2,0.357142857,18924
2021,10,25,298,11.4,2.5,9.3,4.1,3,6,0.4,100,89,4.9,0.5,18925
2021,10,26,299,10.8,9.3,8,11.4,2.8,8,11.8,98,93,3.1,0.35,18926
2021,10,27,300,10,8,4.6,10.8,3.5,4.7,2.9,99,85,3.8,0.744680851,18927
2021,10,28,301,10.1,4.6,1.2,10,2.9,6.6,1.6,94,95,4.6,0.439393939,18928
2021,10,29,302,8.8,1.2,-1.5,10.1,4.7,7.6,0,99,89,2.1,0.618421053,18929
2021,10,30,303,3.5,-1.5,-0.4,8.8,3.3,7.4,0,100,100,0.8,0.445945946,18930
2021,10,31,304,8.8,-0.4,8.4,3.5,2.4,6.6,0.1,100,98,2.6,0.363636364,18931
2021,11,1,305,9.8,8.4,9.7,8.8,2.4,4.2,0.9,85,95,7,0.571428571,18932
2021,11,2,306,14.6,9.7,6.1,9.8,2.3,6.1,0.6,93,92,9.2,0.37704918,18933
2021,11,3,307,10.6,6.1,3.9,14.6,3.2,6.6,1,85,70,4.9,0.484848485,18934
2021,11,4,308,7.6,3.9,3.8,10.6,3.2,6.2,0,95,84,3.6,0.516129032,18935
2021,11,5,309,10.7,3.8,5.1,7.6,4.9,5.4,0,83,74,4.3,0.907407407,18936
2021,11,6,310,12.9,5.1,4.8,10.7,3.1,5.4,0,85,76,2,0.574074074,18937
2021,11,7,311,9.8,4.8,3.2,12.9,2,4.2,0,100,80,4,0.476190476,18938
2021,11,8,312,8.4,3.2,0.9,9.8,2.7,3.3,0.3,92,87,1.5,0.818181818,18939
2021,11,9,313,6.7,0.9,2.5,8.4,2.1,2.1,0,95,89,1.9,1,18940
2021,11,10,314,5.4,2.5,5,6.7,1.9,5.2,0,99,84,2.6,0.365384615,18941
2021,11,11,315,7,5,4.8,5.4,1.7,5.3,0,93,82,2.3,0.320754717,18942
2021,11,12,316,6.4,4.8,5.4,7,1.7,4,0.2,87,89,1.5,0.425,18943
2021,11,13,317,6.7,5.4,3.2,6.4,1.7,5,3,99,97,2.6,0.34,18944
2021,11,14,318,8.1,3.2,4.7,6.7,1.7,2.9,0.5,98,95,2.8,0.586206897,18945
2021,11,15,319,9.4,4.7,8,8.1,1.6,2.6,0.1,100,93,4.3,0.615384615,18946
2021,11,16,320,9.8,8,7.5,9.4,1.5,3.9,0.1,92,90,6,0.384615385,18947
2021,11,17,321,9.8,7.5,9.9,9.8,1.9,4.4,2.7,97,86,4.9,0.431818182,18948
2021,11,18,322,12.7,9.9,-1.4,9.8,1.4,2.3,0.1,88,86,6.2,0.608695652,18949
2021,11,19,323,10.8,-1.4,-3.5,12.7,1.5,2.3,1.7,85,90,7,0.652173913,18950
2021,11,20,324,2.9,-3.5,-3.9,10.8,3.1,3.1,0,71,68,3.4,1,18951
2021,11,21,325,6.7,-3.9,4.6,2.9,1.3,3.9,8.5,84,94,5.5,0.333333333,18952
2021,11,22,326,6.8,4.6,-0.5,6.7,2.8,3.5,0,83,72,6,0.8,18953
2021,11,23,327,4.9,-0.5,-2.1,6.8,3.5,3.5,0.1,68,73,4.3,1,18954
2021,11,24,328,6.4,-2.1,4.2,4.9,1.2,2.8,1.4,90,98,1.4,0.428571429,18955
2021,11,25,329,8.8,4.2,-0.7,6.4,1.2,2.9,0.4,99,82,4.3,0.413793103,18956
2021,11,26,330,7.7,-0.7,-2,8.8,1.2,2.2,3,99,98,2.5,0.545454545,18957
2021,11,27,331,0.8,-2,-0.7,7.7,2.6,3.2,0,96,94,1.9,0.8125,18958
2021,11,28,332,0.6,-0.7,-2.3,0.8,1.1,3.1,0.1,96,95,1.4,0.35483871,18959
2021,11,29,333,-0.6,-2.3,-2.7,0.6,1.1,1.7,0,99,97,1.5,0.647058824,18960
2021,11,30,334,1.9,-2.7,0.2,-0.6,1.1,2.5,0,99,99.25,2.7,0.44,18961
2021,12,1,335,1.8,0.2,0,1.9,1,2.1,0.4,94,96,1.9,0.476190476,18962
2021,12,2,336,2.6,0,1.8,1.8,1,2.9,0.6,100,96,2.5,0.344827586,18963
2021,12,3,337,3.3,1.8,1.7,2.6,1.2,2.4,0.7,71,81,4.9,0.5,18964
2021,12,4,338,4.7,1.7,4.7,3.3,1,1.5,8.7,96,94,3.9,0.666666667,18965
2021,12,5,339,7,4.7,4.8,4.7,1,2.8,0,98,97,2.7,0.357142857,18966
2021,12,6,340,7.3,4.8,3.4,7,0.9,2.6,0,91,94,5,0.346153846,18967
2021,12,7,341,4.9,3.4,1.1,7.3,0.9,2.7,0.1,94,82,5.2,0.333333333,18968
2021,12,8,342,3.7,1.1,1,4.9,0.9,1.9,0,84,78,4.3,0.473684211,18969
2021,12,9,343,1.9,1,0.1,3.7,0.9,1.8,0.5,94,94,2.8,0.5,18970
2021,12,10,344,2.3,0.1,0,1.9,0.9,2.6,0,94,82,3.1,0.346153846,18971
2021,12,11,345,2.6,0,2.8,2.3,0.9,1.4,2.5,90,97,3.5,0.642857143,18972
2021,12,12,346,4.6,2.8,0,2.6,0.8,2.4,0.2,98,99,2.3,0.333333333,18973
2021,12,13,347,3.1,0,-0.7,4.6,0.8,1,0.1,96,96,2.2,0.8,18974
2021,12,14,348,2.4,-0.7,3,3.1,1,2.4,0,96,92,1.9,0.416666667,18975
2021,12,15,349,6.3,3,0.9,2.4,0.8,2.3,0.8,96,95,4.5,0.347826087,18976
2021,12,16,350,6.1,0.9,1.6,6.3,0.8,1.1,5.1,100,90,3.3,0.727272727,18977
2021,12,17,351,5.8,1.6,2.2,6.1,0.8,2.1,3.3,98,96,3,0.380952381,18978
2021,12,18,352,5.7,2.2,3.5,5.8,0.8,2,1.2,97,90,3.1,0.4,18979
2021,12,19,353,6.6,3.5,4,5.7,0.8,2.1,0.5,98,96,3.8,0.380952381,18980
2021,12,20,354,6.1,4,4.5,6.6,0.8,1.2,0.4,92,94,4.1,0.666666667,18981
2021,12,21,355,5.8,4.5,2.6,6.1,0.9,1.2,1.9,99,94,3.8,0.75,18982
2021,12,22,356,5,2.6,-1.3,5.8,0.8,1.8,7,94,94,4.7,0.444444444,18983
2021,12,23,357,4.6,-1.3,-4.2,5,1,2.1,0,91,90,2.8,0.476190476,18984
2021,12,24,358,-0.2,-4.2,-1.7,4.6,2.3,2.3,0,98,90,1.8,1,18985
2021,12,25,359,-0.8,-1.7,-4.3,-0.2,0.9,1.4,1.1,94,96,4.2,0.642857143,18986
2021,12,26,360,0.8,-4.3,1.7,-0.8,0.8,2.4,0,96,98,2.8,0.333333333,18987
2021,12,27,361,4.4,1.7,0.6,0.8,0.8,2,0.9,92,90,8.7,0.4,18988
2021,12,28,362,3.8,0.6,2.6,4.4,0.8,2.4,3.1,76,92,6.8,0.333333333,18989
2021,12,29,363,4.6,2.6,-0.3,3.8,0.8,2.2,3.3,94,94,4,0.363636364,18990
2021,12,30,364,2.4,-0.3,0.6,4.6,0.8,1.6,4.5,96,99,2.3,0.5,18991
2021,12,31,365,3,0.6,0.5,2.4,0.9,2.5,0.5,96,92,2.5,0.36,18992
2022,1,1,1,1.7,0.5,-0.7,3,0.6,2.1,2.9,96,96,2,0.285714286,18993
2022,1,2,2,1.2,-0.7,-2.2,1.7,0.6,1.6,2,98,98,2.1,0.375,18994
2022,1,3,3,-0.4,-2.2,-1.6,1.2,0.6,1.5,0,88,84,2.7,0.4,18995
2022,1,4,4,-0.1,-1.6,-2.9,-0.4,0.6,2.6,0.1,92,94,3.3,0.230769231,18996
2022,1,5,5,-0.2,-2.9,-3.8,-0.1,0.8,2.7,0,96,92,3.2,0.296296296,18997
2022,1,6,6,-1.6,-3.8,-1.5,-0.2,0.6,2,0.1,83,86,4.1,0.3,18998
2022,1,7,7,-0.5,-1.5,-1.2,-1.6,0.6,1.5,1.1,89,97,4.2,0.4,18999
2022,1,8,8,0,-1.2,-7,-0.5,0.7,1.2,0,97,97,3.6,0.583333333,19000
2022,1,9,9,-1,-7,-3,0,0.7,1.6,0,94,98,1.4,0.4375,19001
2022,1,10,10,-0.4,-3,-4.2,-1,0.7,2.1,1.3,89,99,3.6,0.333333333,19002
2022,1,11,11,1.5,-4.2,-6.8,-0.4,0.8,1.9,6.4,98,97,4.8,0.421052632,19003
2022,1,12,12,1.6,-6.8,-6.4,1.5,1.4,2.3,5.9,99,84,3.6,0.608695652,19004
2022,1,13,13,-0.6,-6.4,-9.7,1.6,0.9,2.2,2.3,92,96,4.7,0.409090909,19005
2022,1,14,14,-2.5,-9.7,-11.8,-0.6,0.8,2.9,1.1,93,89,4.8,0.275862069,19006
2022,1,15,15,-6.7,-11.8,-7.8,-2.5,0.8,3.3,0.6,87,88,2.4,0.242424242,19007
2022,1,16,16,-2.2,-7.8,-3.8,-6.7,0.8,2.8,0,91,96,2,0.285714286,19008
2022,1,17,17,-2.6,-3.8,-2.8,-2.2,0.8,3.3,0,91,94,1.3,0.242424242,19009
2022,1,18,18,-1.3,-2.8,-3.1,-2.6,0.8,3.6,0,87,84,3.4,0.222222222,19010
2022,1,19,19,-0.2,-3.1,-0.4,-1.3,0.9,3.8,0.1,90,94,2.5,0.236842105,19011
2022,1,20,20,0.3,-0.4,0.4,-0.2,0.9,3.8,1.8,95,97,4.3,0.236842105,19012
2022,1,21,21,3.4,0.4,1.6,0.3,0.9,3,2.6,100,94,4.5,0.3,19013
2022,1,22,22,4.6,1.6,-1.1,3.4,0.9,2.7,3.6,90,94,6.3,0.333333333,19014
2022,1,23,23,4.2,-1.1,-3.9,4.6,1.7,2.3,0,78,70,5.5,0.739130435,19015
2022,1,24,24,-0.1,-3.9,-3.1,4.2,1.5,3.4,0,99,96,0.8,0.441176471,19016
2022,1,25,25,-0.1,-3.1,-4.1,-0.1,1,2.1,2.7,92,97,3.8,0.476190476,19017
2022,1,26,26,-3,-4.1,-11.1,-0.1,1.1,2.6,0,91,92,2.9,0.423076923,19018
2022,1,27,27,-3.8,-11.1,-9.4,-3,1.1,2.8,0,91,93,1.8,0.392857143,19019
2022,1,28,28,-2.3,-9.4,-6.3,-3.8,1.1,2.6,5.3,93,96,2.6,0.423076923,19020
2022,1,29,29,-3.9,-6.3,-14.4,-2.3,1.4,2.5,0,96,91,3,0.56,19021
2022,1,30,30,-6.7,-14.4,-16.2,-3.9,2,3,0,87,85,2,0.666666667,19022
2022,1,31,31,-7.9,-16.2,-13.3,-6.7,3.6,3.6,0,87,81,1.2,1,19023
2022,2,1,32,-7.4,-13.3,-12.5,-7.9,3.1,3.1,0,90,90,0.7,1,19024
2022,2,2,33,-2.1,-12.5,-9.3,-7.4,1.3,5.3,3.2,93,93,4.3,0.245283019,19025
2022,2,3,34,-4.7,-9.3,-10.8,-2.1,1.5,5.8,0,89,85,3.1,0.25862069,19026
2022,2,4,35,-8,-10.8,-11.7,-4.7,1.6,6,0.2,87,82,3.3,0.266666667,19027
2022,2,5,36,-6.2,-11.7,-12.4,-8,2.5,5.7,0.1,89,87,2.3,0.438596491,19028
2022,2,6,37,-6.4,-12.4,-16.1,-6.2,2.4,5.3,0,90,76,2.4,0.452830189,19029
2022,2,7,38,-6.1,-16.1,-11.6,-6.4,1.8,6.2,0,86,86,1.9,0.290322581,19030
2022,2,8,39,-5.1,-11.6,-16.7,-6.1,2.5,6.1,0,92,77,2.8,0.409836066,19031
2022,2,9,40,-6.8,-16.7,-19.8,-5.1,2.3,4.4,0.1,88,69,3.3,0.522727273,19032
2022,2,10,41,-6.8,-19.8,-13.8,-6.8,1.6,3.8,0.9,83,88,1.8,0.421052632,19033
2022,2,11,42,-8.7,-13.8,-14.4,-6.8,2.6,3.3,0,88,83,2.4,0.787878788,19034
2022,2,12,43,-2.7,-14.4,-10.7,-8.7,1.8,7.6,0,86,75,2.1,0.236842105,19035
2022,2,13,44,-1.4,-10.7,-7.9,-2.7,5.1,7.4,0,70,56,2.5,0.689189189,19036
2022,2,14,45,-0.5,-7.9,-12,-1.4,2.1,8.1,0,79,60,2,0.259259259,19037
2022,2,15,46,-3.5,-12,-12.9,-0.5,5.4,7.7,0,85,62,1.2,0.701298701,19038
2022,2,16,47,-3,-12.9,-7,-3.5,2.2,8.3,0,88,81,1.5,0.265060241,19039
2022,2,17,48,-3.3,-7,-6.6,-3,2.1,6.5,0.4,75,66,3.8,0.323076923,19040
2022,2,18,49,-1.4,-6.6,-1.3,-3.3,2.2,5.1,0,74,73,3.9,0.431372549,19041
2022,2,19,50,0.9,-1.3,0.9,-1.4,2.1,5.7,0.2,92,96,4.3,0.368421053,19042
2022,2,20,51,4,0.9,2,0.9,2.4,9.1,1.1,98,92,3.9,0.263736264,19043
2022,2,21,52,5.6,2,0.5,4,2.3,8.3,0.4,100,89,2.3,0.277108434,19044
2022,2,22,53,2.7,0.5,0.9,5.6,2.3,9.3,0,99,99,2.8,0.247311828,19045
2022,2,23,54,4,0.9,-0.4,2.7,2.3,8.2,0.5,100,94,3,0.280487805,19046
2022,2,24,55,8.6,-0.4,5,4,2.4,10.2,0,98,88,5.1,0.235294118,19047
2022,2,25,56,9.9,5,2.4,8.6,2.5,10.5,0,91,78,6.5,0.238095238,19048
2022,2,26,57,10,2.4,-0.9,9.9,7.4,10.5,0,88,52,4.5,0.704761905,19049
2022,2,27,58,6.2,-0.9,0.1,10,6,11,0,84,54,2.5,0.545454545,19050
2022,2,28,59,10.8,0.1,-1.2,6.2,5.3,10.7,0,75,50,2,0.495327103,19051
2022,3,1,60,7.8,-1.2,-1.7,10.8,4.6,9.7,0,94,54,2.6,0.474226804,19052
2022,3,2,61,8,-1.7,-0.8,7.8,5.7,9.6,0,72,37,2.2,0.59375,19053
2022,3,3,62,5.2,-0.8,-4.5,8,8.3,8.3,0,94,75,2.6,1,19054
2022,3,4,63,2.2,-4.5,-5.2,5.2,5.3,7.5,0.1,69,47,2.5,0.706666667,19055
2022,3,5,64,0.1,-5.2,-3.7,2.2,6.2,7.5,0,83,40,2.6,0.826666667,19056
2022,3,6,65,4.4,-3.7,-2,0.1,3.9,8.9,0.1,56,58,5.2,0.438202247,19057
2022,3,7,66,0.6,-2,-4,4.4,4.9,8,0,44,39,6.1,0.6125,19058
2022,3,8,67,1.8,-4,-4,0.6,8.7,8.7,0.1,62,30,2.9,1,19059
2022,3,9,68,0.3,-4,-6.7,1.8,3.4,8.9,0.6,67,84,4,0.382022472,19060
2022,3,10,69,-4.4,-6.7,-6.5,0.3,3.4,12.3,0.6,81,70,3,0.276422764,19061
2022,3,11,70,1.9,-6.5,0.2,-4.4,3.6,15,2.4,85,80,8,0.24,19062
2022,3,12,71,3.4,0.2,0.9,1.9,3.5,15,0.8,100,90,3.3,0.233333333,19063
2022,3,13,72,5.1,0.9,-0.9,3.4,3.6,10.5,0,88,65,2.6,0.342857143,19064
2022,3,14,73,5.1,-0.9,-2.9,5.1,3.6,16.3,0,96,53,1.3,0.220858896,19065
2022,3,15,74,6.1,-2.9,-4.3,5.1,3.7,11.4,0,91,69,1.2,0.324561404,19066
2022,3,16,75,4.9,-4.3,-4.7,6.1,7.5,16.4,0,97,58,1.3,0.457317073,19067
2022,3,17,76,1.7,-4.7,-4.5,4.9,4.7,15.1,0,88,60,2.5,0.311258278,19068
2022,3,18,77,2.3,-4.5,-5.5,1.7,5.6,10.7,0,82,79,3.6,0.523364486,19069
2022,3,19,78,0.4,-5.5,-2.4,2.3,6.6,18.2,0,77,41,3.8,0.362637363,19070
2022,3,20,79,6,-2.4,-0.3,0.4,4.7,10.6,0,77,61,4.1,0.443396226,19071
2022,3,21,80,5,-0.3,-0.6,6,9.4,14.3,0.5,54,33,4.7,0.657342657,19072
2022,3,22,81,9.7,-0.6,-0.2,5,4.8,18.3,0,59,46,2.5,0.262295082,19073
2022,3,23,82,13.1,-0.2,3.5,9.7,10.8,19,0,80,38,2.8,0.568421053,19074
2022,3,24,83,8.7,3.5,3.1,13.1,6.7,14,0,77,65,6.3,0.478571429,19075
2022,3,25,84,9.8,3.1,2,8.7,9.1,15,0,82,50,4.8,0.606666667,19076
2022,3,26,85,11.5,2,2.5,9.8,6.7,17.5,0,92,48,3.9,0.382857143,19077
2022,3,27,86,12.1,2.5,2.6,11.5,8.2,16,0,90,62,4.4,0.5125,19078
2022,3,28,87,5.1,2.6,4.4,12.1,4.7,17.9,0.5,94,96,4.1,0.262569832,19079
2022,3,29,88,10.4,4.4,7.6,5.1,5,19.5,0.5,92,79,5.8,0.256410256,19080
2022,3,30,89,13.2,7.6,2.3,10.4,6.1,16.7,0,89,67,5.3,0.365269461,19081
2022,3,31,90,8.3,2.3,-0.6,13.2,5.1,14.4,1.2,94,87,2.3,0.354166667,19082
2022,4,1,91,8.6,-0.6,0.4,8.3,11.9,22,0,83,41,2.4,0.540909091,19083
2022,4,2,92,7.1,0.4,0.7,8.6,6.7,17.6,0.1,63,69,2.8,0.380681818,19084
2022,4,3,93,7.7,0.7,0.8,7.1,9.7,15.7,0,65,40,3.3,0.617834395,19085
2022,4,4,94,11.5,0.8,-1.7,7.7,14.2,20.9,0,73,40,6.6,0.679425837,19086
2022,4,5,95,5.2,-1.7,-1.1,11.5,5.9,16.1,2.3,90,64,5.4,0.366459627,19087
2022,4,6,96,7.7,-1.1,-3.6,5.2,9,20.1,0,59,33,5.9,0.447761194,19088
2022,4,7,97,6.7,-3.6,-5.4,7.7,6.8,14.3,0.4,99,37,2.7,0.475524476,19089
2022,4,8,98,6.9,-5.4,0.3,6.7,13.2,14.1,0,89,37,2.8,0.936170213,19090
2022,4,9,99,6.7,0.3,0.8,6.9,6.1,17.7,4.9,84,76,7,0.344632768,19091
2022,4,10,100,7.9,0.8,-2.6,6.7,15.8,17.8,0,85,38,5.4,0.887640449,19092
2022,4,11,101,8.5,-2.6,1.3,7.9,9.4,21.2,1.6,81,43,3.4,0.443396226,19093
2022,4,12,102,5.2,1.3,-2.7,8.5,6,24.4,0,99,85,3,0.245901639,19094
2022,4,13,103,5.8,-2.7,-4.8,5.2,9.1,18.5,0.5,90,56,3.2,0.491891892,19095
2022,4,14,104,6.6,-4.8,-5,5.8,12.8,19.4,0,96,42,1.8,0.659793814,19096
2022,4,15,105,8.4,-5,-2.1,6.6,14.2,27.3,0,89,39,2.9,0.52014652,19097
2022,4,16,106,11.4,-2.1,-0.8,8.4,18.2,20.3,0,77,31,5,0.896551724,19098
2022,4,17,107,13.3,-0.8,-0.5,11.4,13.9,27.7,0,88,24,3.8,0.501805054,19099
2022,4,18,108,14.5,-0.5,-0.8,13.3,18,28.5,0,88,27,3.6,0.631578947,19100
2022,4,19,109,14.5,-0.8,-2.8,14.5,18.9,23,0,78,33,2.7,0.82173913,19101
2022,4,20,110,14.9,-2.8,0.3,14.5,19.1,24.9,0,88,29,2.3,0.767068273,19102
2022,4,21,111,13.9,0.3,-0.3,14.9,12.8,29.3,0,54,60,3,0.436860068,19103
2022,4,22,112,3.3,-0.3,-0.6,13.9,6.7,29.4,1.6,92,98,4.3,0.227891156,19104
2022,4,23,113,6.8,-0.6,-0.5,3.3,9.9,29.4,0,72,34,3.8,0.336734694,19105
2022,4,24,114,5.1,-0.5,-1.3,6.8,8.7,30,0.1,60,57,3.3,0.29,19106
2022,4,25,115,3.4,-1.3,-1.5,5.1,7.3,21.7,0,61,59,4.1,0.33640553,19107
2022,4,26,116,4.2,-1.5,-2.8,3.4,6.9,23,0,69,57,4.1,0.3,19108
2022,4,27,117,9.1,-2.8,-3.6,4.2,13.9,25.6,0,61,45,2.4,0.54296875,19109
2022,4,28,118,7.9,-3.6,-3.3,9.1,8.5,29.8,0,85,35,1.8,0.285234899,19110
2022,4,29,119,7.7,-3.3,-5.5,7.9,7.3,24.9,0,87,51,1.6,0.293172691,19111
2022,4,30,120,10,-5.5,-3.4,7.7,14.5,22.1,0,81,29,2.5,0.656108597,19112
2022,5,1,121,8.6,-3.4,1.2,10,11.4,31.5,0,82,35,2.4,0.361904762,19113
2022,5,2,122,9.5,1.2,-2.9,8.6,9.8,32.3,0.2,60,45,3.6,0.303405573,19114
2022,5,3,123,10.5,-2.9,1.8,9.5,13.3,27.9,0,83,43,1.8,0.476702509,19115
2022,5,4,124,10.2,1.8,1.1,10.5,9.2,31.6,0,75,42,4.1,0.291139241,19116
2022,5,5,125,3.5,1.1,1.3,10.2,7.5,33.9,17,92,94,6.8,0.221238938,19117
2022,5,6,126,3.7,1.3,0.8,3.5,7.6,31.7,0.5,96,85,5,0.239747634,19118
2022,5,7,127,5.8,0.8,-1.2,3.7,8.1,31.8,0,82,66,2.8,0.254716981,19119
2022,5,8,128,10.6,-1.2,1.7,5.8,15.3,26.2,0,78,45,2.6,0.583969466,19120
2022,5,9,129,10.3,1.7,6.2,10.6,8.6,29.9,2,77,86,4.1,0.287625418,19121
2022,5,10,130,17.7,6.2,7.9,10.3,10.1,22.9,3.8,100,56,4,0.441048035,19122
2022,5,11,131,23,7.9,7.2,17.7,15.4,31.2,0,76,47,1.8,0.493589744,19123
2022,5,12,132,20.4,7.2,11.1,23,23.5,31,0,62,35,4.4,0.758064516,19124
2022,5,13,133,22.1,11.1,7.3,20.4,20.5,29.3,0,69,31,3.2,0.699658703,19125
2022,5,14,134,15.7,7.3,6.2,22.1,9,30.1,3.6,74,73,2.6,0.299003322,19126
2022,5,15,135,13.4,6.2,7,15.7,8.8,22.6,0.1,99,69,3,0.389380531,19127
2022,5,16,136,15,7,7.1,13.4,10.7,35.3,0,95,57,3.2,0.303116147,19128
2022,5,17,137,14.9,7.1,5.7,15,11.1,30.4,6.6,98,66,4.2,0.365131579,19129
2022,5,18,138,16.8,5.7,4.9,14.9,15.6,30.1,0,100,55,1.8,0.518272425,19130
2022,5,19,139,17.3,4.9,5.7,16.8,14.9,32.4,0.2,85,48,1.9,0.459876543,19131
2022,5,20,140,14.2,5.7,4.9,17.3,12.4,25.7,0,85,55,2.6,0.482490272,19132
2022,5,21,141,15.4,4.9,4.7,14.2,12.5,31.7,1.2,91,77,2.3,0.394321767,19133
2022,5,22,142,14.9,4.7,2.8,15.4,10.3,36.1,0.9,93,53,2.1,0.28531856,19134
2022,5,23,143,12.1,2.8,4.9,14.9,10.3,27.8,0,99,93,3.8,0.370503597,19135
2022,5,24,144,11.4,4.9,7.3,12.1,9.3,36.7,0.8,89,93,1.9,0.253405995,19136
2022,5,25,145,14.4,7.3,6.2,11.4,9.1,22.5,0.9,97,50,4.5,0.404444444,19137
2022,5,26,146,9.4,6.2,5,14.4,8.6,33.9,19.3,95,96,6,0.253687316,19138
2022,5,27,147,6.7,5,4.7,9.4,8.7,36.7,2.7,96,97,3.8,0.237057221,19139
2022,5,28,148,16.2,4.7,4.6,6.7,12.5,29.1,0,99,35,2.9,0.429553265,19140
2022,5,29,149,16.3,4.6,2.4,16.2,22.6,35.8,0,63,35,2.4,0.631284916,19141
2022,5,30,150,19.7,2.4,7.2,16.3,26.2,36.8,0,65,34,1.9,0.711956522,19142
2022,5,31,151,19.7,7.2,5.7,19.7,15.2,39.1,0,54,52,2.9,0.388746803,19143
2022,6,1,152,16.3,5.7,6.4,19.7,27.7,37.3,0.2,74,50,4.1,0.742627346,19144
2022,6,2,153,19.9,6.4,4.7,16.3,35.7,39.6,0,70,38,2.6,0.901515152,19145
2022,6,3,154,21.8,4.7,5.2,19.9,32.1,32.2,0,72,34,2,0.99689441,19146
2022,6,4,155,20.6,5.2,7.4,21.8,32.5,37.1,0,65,33,1.7,0.876010782,19147
2022,6,5,156,23.4,7.4,11.3,20.6,34.1,34.1,0.1,65,34,2,1,19148
2022,6,6,157,24.1,11.3,12.5,23.4,32.6,40,0,65,33,2.1,0.815,19149
2022,6,7,158,24.4,12.5,12.1,24.1,27.5,35.5,0,67,54,1.9,0.774647887,19150
2022,6,8,159,19.4,12.1,10.6,24.4,19,39.1,2,97,80,1.3,0.485933504,19151
2022,6,9,160,20.6,10.6,11.7,19.4,16.7,34.3,4.3,95,67,1.2,0.486880466,19152
2022,6,10,161,22.5,11.7,12.3,20.6,36.3,40.5,0.1,75,37,1.8,0.896296296,19153
2022,6,11,162,23.7,12.3,10,22.5,32.7,40,0.8,79,57,3.6,0.8175,19154
2022,6,12,163,17.6,10,10.2,23.7,16.9,39.7,10.2,95,82,3.4,0.425692695,19155
2022,6,13,164,18.8,10.2,11.1,17.6,34.1,40.6,0,68,40,3.3,0.839901478,19156
2022,6,14,165,19.6,11.1,5.2,18.8,22.4,40.7,0.8,71,61,5.7,0.55036855,19157
2022,6,15,166,23,5.2,9.3,19.6,27.4,35.8,0.3,54,31,2.8,0.765363128,19158
2022,6,16,167,17.9,9.3,9.7,23,14.9,27.3,9.1,67,99,2.3,0.545787546,19159
2022,6,17,168,15.3,9.7,8.8,17.9,15.7,34.1,6.6,99,97,2,0.460410557,19160
2022,6,18,169,22.4,8.8,10.7,15.3,30,30,0,89,51,1.3,1,19161
2022,6,19,170,25.2,10.7,13.4,22.4,38.3,38.3,0.1,81,42,3.3,1,19162
2022,6,20,171,24,13.4,13,25.2,37.7,37.7,0,81,57,4.5,1,19163
2022,6,21,172,22.3,13,9.4,24,41.2,41.2,0,63,38,3.8,1,19164
2022,6,22,173,20.8,9.4,8.3,22.3,28.2,37.9,0.1,69,46,2.9,0.744063325,19165
2022,6,23,174,24.3,8.3,12.7,20.8,33.7,33.7,0,91,42,1.1,1,19166
2022,6,24,175,27,12.7,15.3,24.3,40.3,40.3,0,75,32,1.7,1,19167
2022,6,25,176,28.4,15.3,11.6,27,38.7,38.7,0,73,39,2.1,1,19168
2022,6,26,177,27.3,11.6,14.7,28.4,39.9,39.9,0,69,30,2.9,1,19169
2022,6,27,178,27.3,14.7,15.2,27.3,32.9,32.9,0,70,37,2.5,1,19170
2022,6,28,179,26.9,15.2,13.1,27.3,26.1,36.8,0,80,43,3.8,0.70923913,19171
2022,6,29,180,21.4,13.1,11.8,26.9,21.9,27.7,3.9,97,49,2.3,0.790613718,19172
2022,6,30,181,18,11.8,11.6,21.4,15.2,36.6,3.8,82,81,2.7,0.415300546,19173
2022,7,1,182,18.2,11.6,11.2,18,18,30.7,0.5,84,55,2.9,0.586319218,19174
2022,7,2,183,17.9,11.2,7.6,18.2,22.7,39.7,2,91,87,3,0.571788413,19175
2022,7,3,184,18.3,7.6,10.5,17.9,28,40,0,76,43,3.3,0.7,19176
2022,7,4,185,16.3,10.5,12.9,18.3,14.7,34.4,5.9,93,85,2.3,0.427325581,19177
2022,7,5,186,18.4,12.9,11.8,16.3,15.1,32.7,22.4,85,97,4.2,0.4617737,19178
2022,7,6,187,16.7,11.8,10.5,18.4,18.3,38.2,1.3,70,77,6.7,0.479057592,19179
2022,7,7,188,17.9,10.5,7.6,16.7,23.7,37.2,0.8,80,44,4.1,0.637096774,19180
2022,7,8,189,13.5,7.6,8.3,17.9,18.7,32.5,4.9,81,65,2.2,0.575384615,19181
2022,7,9,190,17.9,8.3,5.9,13.5,34.2,34.2,0,82,39,2.3,1,19182
2022,7,10,191,17.6,5.9,9.3,17.9,14.3,34.1,2.3,73,90,1.5,0.419354839,19183
2022,7,11,192,18.2,9.3,8.3,17.6,17.9,23.7,1.9,99,54,2.1,0.755274262,19184
2022,7,12,193,18.1,8.3,7.3,18.2,22.9,24.5,1.7,89,85,1.9,0.934693878,19185
2022,7,13,194,17.8,7.3,11,18.1,23.3,31.1,0.7,95,46,2,0.749196141,19186
2022,7,14,195,18.9,11,12.1,17.8,16.6,33.2,0.3,89,54,1.9,0.5,19187
2022,7,15,196,18.9,12.1,11.7,18.9,17.5,31.2,0.5,89,57,2.8,0.560897436,19188
2022,7,16,197,24.5,11.7,11.1,18.9,28.6,28.6,0.6,100,48,1.5,1,19189
2022,7,17,198,24.5,11.1,14,24.5,30.3,30.3,0,76,39,2.8,1,19190
2022,7,18,199,23.1,14,14.7,24.5,24,28.8,0.2,79,53,2.8,0.833333333,19191
2022,7,19,200,24.5,14.7,13.4,23.1,23.9,29.4,0.7,85,49,3.3,0.81292517,19192
2022,7,20,201,22,13.4,11,24.5,15.7,36.8,3.4,91,67,3.6,0.426630435,19193
2022,7,21,202,16.5,11,9.3,22,15.7,33,0.3,86,62,1.9,0.475757576,19194
2022,7,22,203,18.2,9.3,8.1,16.5,31.3,31.3,1.2,71,37,3.5,1,19195
2022,7,23,204,17.7,8.1,8.6,18.2,30.8,34.7,0,69,38,3.5,0.887608069,19196
2022,7,24,205,18.5,8.6,7.5,17.7,27.8,30.3,0,69,36,3,0.917491749,19197
2022,7,25,206,21,7.5,8.9,18.5,26.9,31.4,0.3,79,42,2.4,0.856687898,19198
2022,7,26,207,21.5,8.9,14.1,21,27.3,34.5,0,80,43,4,0.791304348,19199
2022,7,27,208,20.6,14.1,12,21.5,24.7,35.8,5.7,95,59,2.8,0.689944134,19200
2022,7,28,209,18.7,12,11.5,20.6,13.1,35.1,3.5,100,71,3.8,0.373219373,19201
2022,7,29,210,17.4,11.5,12.7,18.7,18.3,27.2,2,91,61,3.5,0.672794118,19202
2022,7,30,211,19.5,12.7,10.2,17.4,16.7,24.8,16.3,91,88,3.5,0.673387097,19203
2022,7,31,212,19.1,10.2,8.9,19.5,18.2,24.5,0.1,95,67,3.7,0.742857143,19204
2022,8,1,213,24.6,8.9,13.8,19.1,21.9,30.3,0,94,40,1.9,0.722772277,19205
2022,8,2,214,22.6,13.8,12.2,24.6,9.5,24.6,0,83,39,3.7,0.386178862,19206
2022,8,3,215,19.6,12.2,8.9,22.6,16.7,30.6,0,85,54,3.9,0.545751634,19207
2022,8,4,216,20.1,8.9,9.9,19.6,17.4,32,0,86,46,1.4,0.54375,19208
2022,8,5,217,18.1,9.9,14.1,20.1,11.4,19.8,0,81,47,3.8,0.575757576,19209
2022,8,6,218,21.5,14.1,12.8,18.1,8.8,22.9,0.5,97,67,2.8,0.384279476,19210
2022,8,7,219,28.1,12.8,15.8,21.5,19.5,30.9,0.4,85,39,2.6,0.631067961,19211
2022,8,8,220,27.4,15.8,10.8,28.1,20.5,22.1,0.4,74,36,3.3,0.92760181,19212
2022,8,9,221,21.5,10.8,6.7,27.4,19.2,27.6,0.5,80,56,2.8,0.695652174,19213
2022,8,10,222,21.5,6.7,5.3,21.5,21.2,28.7,0,85,36,2.4,0.738675958,19214
2022,8,11,223,20.6,5.3,7.7,21.5,17.9,32.1,0,92,43,2.7,0.557632399,19215
2022,8,12,224,24.5,7.7,11.3,20.6,17,24.7,0,86,42,2.4,0.688259109,19216
2022,8,13,225,22.9,11.3,14.9,24.5,17.8,31.5,0,73.75,48,2.5,0.565079365,19217
2022,8,14,226,25.7,14.9,13.9,22.9,16,31.4,0.1,99,42,2.6,0.50955414,19218
2022,8,15,227,26.8,13.9,13.8,25.7,19.4,28.1,0,90,33,1.6,0.690391459,19219
2022,8,16,228,25.3,13.8,12.5,26.8,19.8,27.4,0,83,45,2,0.722627737,19220
2022,8,17,229,26.1,12.5,14.9,25.3,15.6,26,0,92,56,2.1,0.6,19221
2022,8,18,230,26.1,14.9,13.5,26.1,14.7,27,0.4,99,38,2.4,0.544444444,19222
2022,8,19,231,25.6,13.5,13.6,26.1,16.9,29.3,0.9,93,44,3.3,0.576791809,19223
2022,8,20,232,23.7,13.6,15.4,25.6,10,25.8,0.1,93,40,2,0.387596899,19224
2022,8,21,233,24.6,15.4,14.9,23.7,12.1,28.6,0.9,100,45,4.4,0.423076923,19225
2022,8,22,234,23.4,14.9,13.5,24.6,7.7,24.5,2.2,96,56,4.3,0.314285714,19226
2022,8,23,235,20.5,13.5,10.6,23.4,11.9,25.6,0.8,84,50,4.6,0.46484375,19227
2022,8,24,236,18.7,10.6,6.3,20.5,9.2,24.2,0.4,89,49,2.4,0.380165289,19228
2022,8,25,237,18,6.3,4.7,18.7,13.3,24,0,83,41,2.3,0.554166667,19229
2022,8,26,238,18.7,4.7,4.9,18,8.9,24.9,0,96,37,1.3,0.357429719,19230
2022,8,27,239,17.4,4.9,5.5,18.7,12.6,27.3,0,97,50,2.2,0.461538462,19231
2022,8,28,240,17,5.5,9.6,17.4,8.5,27.1,0,95,46,1.6,0.313653137,19232
2022,8,29,241,15.3,9.6,10.7,17,6.7,19.6,9.5,92,89,3.5,0.341836735,19233
2022,8,30,242,15.9,10.7,6.7,15.3,9.7,18.5,3.2,97,81,2.2,0.524324324,19234
2022,8,31,243,13.1,6.7,5.8,15.9,10,19.9,5.1,91,71,3.2,0.502512563,19235
2022,9,1,244,18.3,5.8,3.9,13.1,19.1,20.8,0.6,98,48,3,0.918269231,19236
2022,9,2,245,16.7,3.9,12.9,18.3,9.5,19.3,1.7,99,71,3.1,0.492227979,19237
2022,9,3,246,18.6,12.9,12.4,16.7,9,19.4,0.8,100,80,3,0.463917526,19238
2022,9,4,247,17.3,12.4,10.4,18.6,8.6,16.8,0.2,99,73,3.5,0.511904762,19239
2022,9,5,248,16.8,10.4,9.3,17.3,17.8,17.8,0.7,87,70,4.2,1,19240
2022,9,6,249,16.3,9.3,5.7,16.8,12.9,22.1,1.5,92,56,3.3,0.583710407,19241
2022,9,7,250,16.9,5.7,10.2,16.3,19.1,19.3,0.1,100,55,1.7,0.989637306,19242
2022,9,8,251,18.1,10.2,9.9,16.9,12,16,5.6,95,55,4.1,0.75,19243
2022,9,9,252,15.8,9.9,4.1,18.1,8,19.9,1,95,97,3.9,0.40201005,19244
2022,9,10,253,14.2,4.1,4.4,15.8,21.2,22,0,86,44,2.9,0.963636364,19245
2022,9,11,254,15.2,4.4,9,14.2,14,18.2,0,94,49,3.3,0.769230769,19246
2022,9,12,255,13.7,9,9.1,15.2,7.3,21.2,4.9,78,92,5.1,0.344339623,19247
2022,9,13,256,15.7,9.1,9.4,13.7,15.7,17.3,0,74,63,5,0.907514451,19248
2022,9,14,257,16.9,9.4,11.5,15.7,7.3,20.6,0,97,83,2.7,0.354368932,19249
2022,9,15,258,15.6,11.5,8.2,16.9,7.1,13.6,0,100,92,1.5,0.522058824,19250
2022,9,16,259,15.3,8.2,2.8,15.6,7.4,19.4,0,99,57,4.3,0.381443299,19251
2022,9,17,260,12.9,2.8,1.3,15.3,14.8,16.9,0,67,44,4,0.875739645,19252
2022,9,18,261,17.5,1.3,1.8,12.9,17.1,17.1,0,91,58,2.5,1,19253
2022,9,19,262,14.9,1.8,1.9,17.5,19.1,19.1,0,99,43,1.3,1,19254
2022,9,20,263,12.1,1.9,9.2,14.9,8.3,18.5,0.3,96,84,2.4,0.448648649,19255
2022,9,21,264,16.2,9.2,8.1,12.1,10.1,15.1,0,99,70,4.3,0.668874172,19256
2022,9,22,265,15.9,8.1,6.9,16.2,10,13.1,0,86,59,3.7,0.763358779,19257
2022,9,23,266,18.9,6.9,9.8,15.9,12.5,12.7,0.1,95,58,2.9,0.984251969,19258
2022,9,24,267,20.1,9.8,6.5,18.9,9.3,14.3,0.5,97,52,3.2,0.65034965,19259
2022,9,25,268,16.3,6.5,11.6,20.1,11.1,17.1,0.3,100,58,2.9,0.649122807,19260
2022,9,26,269,16.1,11.6,10.5,16.3,6.8,12.4,10.3,97,91,3.7,0.548387097,19261
2022,9,27,270,16.8,10.5,9.6,16.1,8.7,14.2,0,100,91,4.5,0.612676056,19262
2022,9,28,271,15.9,9.6,11.3,16.8,7.5,10.6,0.1,100,82,3,0.70754717,19263
2022,9,29,272,13.2,11.3,10,15.9,5.3,15.7,0.5,100,100,1.3,0.337579618,19264
2022,9,30,273,14.8,10,9.3,13.2,8.6,15,0.2,99,76,1.8,0.573333333,19265
2022,10,1,274,12.5,9.3,9.8,14.8,5.2,14.9,0.2,100,83,3.4,0.348993289,19266
2022,10,2,275,16.5,9.8,10,12.5,10.2,13.2,0.3,99,68,4,0.772727273,19267
2022,10,3,276,13.6,10,12.3,16.5,5.1,12.8,0,95,82,4.4,0.3984375,19268
2022,10,4,277,13.6,12.3,10.7,13.6,4.8,11.5,0.4,92,95,6,0.417391304,19269
2022,10,5,278,17.1,10.7,11,13.6,12.7,14,2,94,55,3.9,0.907142857,19270
2022,10,6,279,13.3,11,11,17.1,4.6,10.3,9.5,100,99,4.3,0.446601942,19271
2022,10,7,280,14.3,11,10,13.3,5.7,12.4,2.5,95,83,3.8,0.459677419,19272
2022,10,8,281,13.6,10,7.8,14.3,5.5,8.1,0,97,72,4,0.679012346,19273
2022,10,9,282,11.7,7.8,6.1,13.6,5.9,11.1,3.2,95,64,3.9,0.531531532,19274
2022,10,10,283,11,6.1,4.3,11.7,4.6,7.2,4.1,97,92,2.5,0.638888889,19275
2022,10,11,284,11.4,4.3,4.8,11,9.1,9.7,0,98,63,3.8,0.93814433,19276
2022,10,12,285,8,4.8,1.3,11.4,4.2,11.3,0.1,94,73,2.5,0.371681416,19277
2022,10,13,286,8.8,1.3,3.5,8,6.1,7.2,0,94,71,2.9,0.847222222,19278
2022,10,14,287,8.5,3.5,3.5,8.8,4.8,11.6,0,94,59,4.8,0.413793103,19279
2022,10,15,288,9.3,3.5,-0.9,8.5,5.5,11.4,0,91,68,2.8,0.48245614,19280
2022,10,16,289,7.6,-0.9,2.3,9.3,5.4,10.1,1.1,97,83,1.8,0.534653465,19281
2022,10,17,290,9.7,2.3,0,7.6,7.1,7.1,0.3,92,73,3,1,19282
2022,10,18,291,4.7,0,-3.5,9.7,5.7,9.8,0.1,72,57,3.4,0.581632653,19283
2022,10,19,292,4.8,-3.5,-4.5,4.7,8.1,10.3,0,75,47,2.9,0.786407767,19284
2022,10,20,293,6.5,-4.5,6.1,4.8,3.4,5.7,6.5,96,76,2.3,0.596491228,19285
2022,10,21,294,9.3,6.1,9.3,6.5,3.3,6.3,0.7,99,91,2.8,0.523809524,19286
2022,10,22,295,11,9.3,-3,9.3,3.1,8.9,11.2,99,93,3.1,0.348314607,19287
2022,10,23,296,9.8,-3,-2.3,11,3.2,7.2,3,96,75,2.2,0.444444444,19288
2022,10,24,297,4.1,-2.3,2.5,9.8,3,8.4,3.8,100,99,2,0.357142857,19289
2022,10,25,298,11.4,2.5,9.3,4.1,3,6,0.4,100,89,4.9,0.5,19290
2022,10,26,299,10.8,9.3,8,11.4,2.8,8,11.8,98,93,3.1,0.35,19291
2022,10,27,300,10,8,4.6,10.8,3.5,4.7,2.9,99,85,3.8,0.744680851,19292
2022,10,28,301,10.1,4.6,1.2,10,2.9,6.6,1.6,94,95,4.6,0.439393939,19293
2022,10,29,302,8.8,1.2,-1.5,10.1,4.7,7.6,0,99,89,2.1,0.618421053,19294
2022,10,30,303,3.5,-1.5,-0.4,8.8,3.3,7.4,0,100,100,0.8,0.445945946,19295
2022,10,31,304,8.8,-0.4,8.4,3.5,2.4,6.6,0.1,100,98,2.6,0.363636364,19296
2022,11,1,305,9.8,8.4,9.7,8.8,2.4,4.2,0.9,85,95,7,0.571428571,19297
2022,11,2,306,14.6,9.7,6.1,9.8,2.3,6.1,0.6,93,92,9.2,0.37704918,19298
2022,11,3,307,10.6,6.1,3.9,14.6,3.2,6.6,1,85,70,4.9,0.484848485,19299
2022,11,4,308,7.6,3.9,3.8,10.6,3.2,6.2,0,95,84,3.6,0.516129032,19300
2022,11,5,309,10.7,3.8,5.1,7.6,4.9,5.4,0,83,74,4.3,0.907407407,19301
2022,11,6,310,12.9,5.1,4.8,10.7,3.1,5.4,0,85,76,2,0.574074074,19302
2022,11,7,311,9.8,4.8,3.2,12.9,2,4.2,0,100,80,4,0.476190476,19303
2022,11,8,312,8.4,3.2,0.9,9.8,2.7,3.3,0.3,92,87,1.5,0.818181818,19304
2022,11,9,313,6.7,0.9,2.5,8.4,2.1,2.1,0,95,89,1.9,1,19305
2022,11,10,314,5.4,2.5,5,6.7,1.9,5.2,0,99,84,2.6,0.365384615,19306
2022,11,11,315,7,5,4.8,5.4,1.7,5.3,0,93,82,2.3,0.320754717,19307
2022,11,12,316,6.4,4.8,5.4,7,1.7,4,0.2,87,89,1.5,0.425,19308
2022,11,13,317,6.7,5.4,3.2,6.4,1.7,5,3,99,97,2.6,0.34,19309
2022,11,14,318,8.1,3.2,4.7,6.7,1.7,2.9,0.5,98,95,2.8,0.586206897,19310
2022,11,15,319,9.4,4.7,8,8.1,1.6,2.6,0.1,100,93,4.3,0.615384615,19311
2022,11,16,320,9.8,8,7.5,9.4,1.5,3.9,0.1,92,90,6,0.384615385,19312
2022,11,17,321,9.8,7.5,9.9,9.8,1.9,4.4,2.7,97,86,4.9,0.431818182,19313
2022,11,18,322,12.7,9.9,-1.4,9.8,1.4,2.3,0.1,88,86,6.2,0.608695652,19314
2022,11,19,323,10.8,-1.4,-3.5,12.7,1.5,2.3,1.7,85,90,7,0.652173913,19315
2022,11,20,324,2.9,-3.5,-3.9,10.8,3.1,3.1,0,71,68,3.4,1,19316
2022,11,21,325,6.7,-3.9,4.6,2.9,1.3,3.9,8.5,84,94,5.5,0.333333333,19317
2022,11,22,326,6.8,4.6,-0.5,6.7,2.8,3.5,0,83,72,6,0.8,19318
2022,11,23,327,4.9,-0.5,-2.1,6.8,3.5,3.5,0.1,68,73,4.3,1,19319
2022,11,24,328,6.4,-2.1,4.2,4.9,1.2,2.8,1.4,90,98,1.4,0.428571429,19320
2022,11,25,329,8.8,4.2,-0.7,6.4,1.2,2.9,0.4,99,82,4.3,0.413793103,19321
2022,11,26,330,7.7,-0.7,-2,8.8,1.2,2.2,3,99,98,2.5,0.545454545,19322
2022,11,27,331,0.8,-2,-0.7,7.7,2.6,3.2,0,96,94,1.9,0.8125,19323
2022,11,28,332,0.6,-0.7,-2.3,0.8,1.1,3.1,0.1,96,95,1.4,0.35483871,19324
2022,11,29,333,-0.6,-2.3,-2.7,0.6,1.1,1.7,0,99,97,1.5,0.647058824,19325
2022,11,30,334,1.9,-2.7,0.2,-0.6,1.1,2.5,0,99,99.25,2.7,0.44,19326
2022,12,1,335,1.8,0.2,0,1.9,1,2.1,0.4,94,96,1.9,0.476190476,19327
2022,12,2,336,2.6,0,1.8,1.8,1,2.9,0.6,100,96,2.5,0.344827586,19328
2022,12,3,337,3.3,1.8,1.7,2.6,1.2,2.4,0.7,71,81,4.9,0.5,19329
2022,12,4,338,4.7,1.7,4.7,3.3,1,1.5,8.7,96,94,3.9,0.666666667,19330
2022,12,5,339,7,4.7,4.8,4.7,1,2.8,0,98,97,2.7,0.357142857,19331
2022,12,6,340,7.3,4.8,3.4,7,0.9,2.6,0,91,94,5,0.346153846,19332
2022,12,7,341,4.9,3.4,1.1,7.3,0.9,2.7,0.1,94,82,5.2,0.333333333,19333
2022,12,8,342,3.7,1.1,1,4.9,0.9,1.9,0,84,78,4.3,0.473684211,19334
2022,12,9,343,1.9,1,0.1,3.7,0.9,1.8,0.5,94,94,2.8,0.5,19335
2022,12,10,344,2.3,0.1,0,1.9,0.9,2.6,0,94,82,3.1,0.346153846,19336
2022,12,11,345,2.6,0,2.8,2.3,0.9,1.4,2.5,90,97,3.5,0.642857143,19337
2022,12,12,346,4.6,2.8,0,2.6,0.8,2.4,0.2,98,99,2.3,0.333333333,19338
2022,12,13,347,3.1,0,-0.7,4.6,0.8,1,0.1,96,96,2.2,0.8,19339
2022,12,14,348,2.4,-0.7,3,3.1,1,2.4,0,96,92,1.9,0.416666667,19340
2022,12,15,349,6.3,3,0.9,2.4,0.8,2.3,0.8,96,95,4.5,0.347826087,19341
2022,12,16,350,6.1,0.9,1.6,6.3,0.8,1.1,5.1,100,90,3.3,0.727272727,19342
2022,12,17,351,5.8,1.6,2.2,6.1,0.8,2.1,3.3,98,96,3,0.380952381,19343
2022,12,18,352,5.7,2.2,3.5,5.8,0.8,2,1.2,97,90,3.1,0.4,19344
2022,12,19,353,6.6,3.5,4,5.7,0.8,2.1,0.5,98,96,3.8,0.380952381,19345
2022,12,20,354,6.1,4,4.5,6.6,0.8,1.2,0.4,92,94,4.1,0.666666667,19346
2022,12,21,355,5.8,4.5,2.6,6.1,0.9,1.2,1.9,99,94,3.8,0.75,19347
2022,12,22,356,5,2.6,-1.3,5.8,0.8,1.8,7,94,94,4.7,0.444444444,19348
2022,12,23,357,4.6,-1.3,-4.2,5,1,2.1,0,91,90,2.8,0.476190476,19349
2022,12,24,358,-0.2,-4.2,-1.7,4.6,2.3,2.3,0,98,90,1.8,1,19350
2022,12,25,359,-0.8,-1.7,-4.3,-0.2,0.9,1.4,1.1,94,96,4.2,0.642857143,19351
2022,12,26,360,0.8,-4.3,1.7,-0.8,0.8,2.4,0,96,98,2.8,0.333333333,19352
2022,12,27,361,4.4,1.7,0.6,0.8,0.8,2,0.9,92,90,8.7,0.4,19353
2022,12,28,362,3.8,0.6,2.6,4.4,0.8,2.4,3.1,76,92,6.8,0.333333333,19354
2022,12,29,363,4.6,2.6,-0.3,3.8,0.8,2.2,3.3,94,94,4,0.363636364,19355
2022,12,30,364,2.4,-0.3,0.6,4.6,0.8,1.6,4.5,96,99,2.3,0.5,19356
2022,12,31,365,3,0.6,0.5,2.4,0.9,2.5,0.5,96,92,2.5,0.36,19357
2023,1,1,1,1.7,0.5,-0.7,3,0.6,2.1,2.9,96,96,2,0.285714286,19358
2023,1,2,2,1.2,-0.7,-2.2,1.7,0.6,1.6,2,98,98,2.1,0.375,19359
2023,1,3,3,-0.4,-2.2,-1.6,1.2,0.6,1.5,0,88,84,2.7,0.4,19360
2023,1,4,4,-0.1,-1.6,-2.9,-0.4,0.6,2.6,0.1,92,94,3.3,0.230769231,19361
2023,1,5,5,-0.2,-2.9,-3.8,-0.1,0.8,2.7,0,96,92,3.2,0.296296296,19362
2023,1,6,6,-1.6,-3.8,-1.5,-0.2,0.6,2,0.1,83,86,4.1,0.3,19363
2023,1,7,7,-0.5,-1.5,-1.2,-1.6,0.6,1.5,1.1,89,97,4.2,0.4,19364
2023,1,8,8,0,-1.2,-7,-0.5,0.7,1.2,0,97,97,3.6,0.583333333,19365
2023,1,9,9,-1,-7,-3,0,0.7,1.6,0,94,98,1.4,0.4375,19366
2023,1,10,10,-0.4,-3,-4.2,-1,0.7,2.1,1.3,89,99,3.6,0.333333333,19367
2023,1,11,11,1.5,-4.2,-6.8,-0.4,0.8,1.9,6.4,98,97,4.8,0.421052632,19368
2023,1,12,12,1.6,-6.8,-6.4,1.5,1.4,2.3,5.9,99,84,3.6,0.608695652,19369
2023,1,13,13,-0.6,-6.4,-9.7,1.6,0.9,2.2,2.3,92,96,4.7,0.409090909,19370
2023,1,14,14,-2.5,-9.7,-11.8,-0.6,0.8,2.9,1.1,93,89,4.8,0.275862069,19371
2023,1,15,15,-6.7,-11.8,-7.8,-2.5,0.8,3.3,0.6,87,88,2.4,0.242424242,19372
2023,1,16,16,-2.2,-7.8,-3.8,-6.7,0.8,2.8,0,91,96,2,0.285714286,19373
2023,1,17,17,-2.6,-3.8,-2.8,-2.2,0.8,3.3,0,91,94,1.3,0.242424242,19374
2023,1,18,18,-1.3,-2.8,-3.1,-2.6,0.8,3.6,0,87,84,3.4,0.222222222,19375
2023,1,19,19,-0.2,-3.1,-0.4,-1.3,0.9,3.8,0.1,90,94,2.5,0.236842105,19376
2023,1,20,20,0.3,-0.4,0.4,-0.2,0.9,3.8,1.8,95,97,4.3,0.236842105,19377
2023,1,21,21,3.4,0.4,1.6,0.3,0.9,3,2.6,100,94,4.5,0.3,19378
2023,1,22,22,4.6,1.6,-1.1,3.4,0.9,2.7,3.6,90,94,6.3,0.333333333,19379
2023,1,23,23,4.2,-1.1,-3.9,4.6,1.7,2.3,0,78,70,5.5,0.739130435,19380
2023,1,24,24,-0.1,-3.9,-3.1,4.2,1.5,3.4,0,99,96,0.8,0.441176471,19381
2023,1,25,25,-0.1,-3.1,-4.1,-0.1,1,2.1,2.7,92,97,3.8,0.476190476,19382
2023,1,26,26,-3,-4.1,-11.1,-0.1,1.1,2.6,0,91,92,2.9,0.423076923,19383
2023,1,27,27,-3.8,-11.1,-9.4,-3,1.1,2.8,0,91,93,1.8,0.392857143,19384
2023,1,28,28,-2.3,-9.4,-6.3,-3.8,1.1,2.6,5.3,93,96,2.6,0.423076923,19385
2023,1,29,29,-3.9,-6.3,-14.4,-2.3,1.4,2.5,0,96,91,3,0.56,19386
2023,1,30,30,-6.7,-14.4,-16.2,-3.9,2,3,0,87,85,2,0.666666667,19387
2023,1,31,31,-7.9,-16.2,-13.3,-6.7,3.6,3.6,0,87,81,1.2,1,19388
2023,2,1,32,-7.4,-13.3,-12.5,-7.9,3.1,3.1,0,90,90,0.7,1,19389
2023,2,2,33,-2.1,-12.5,-9.3,-7.4,1.3,5.3,3.2,93,93,4.3,0.245283019,19390
2023,2,3,34,-4.7,-9.3,-10.8,-2.1,1.5,5.8,0,89,85,3.1,0.25862069,19391
2023,2,4,35,-8,-10.8,-11.7,-4.7,1.6,6,0.2,87,82,3.3,0.266666667,19392
2023,2,5,36,-6.2,-11.7,-12.4,-8,2.5,5.7,0.1,89,87,2.3,0.438596491,19393
2023,2,6,37,-6.4,-12.4,-16.1,-6.2,2.4,5.3,0,90,76,2.4,0.452830189,19394
2023,2,7,38,-6.1,-16.1,-11.6,-6.4,1.8,6.2,0,86,86,1.9,0.290322581,19395
2023,2,8,39,-5.1,-11.6,-16.7,-6.1,2.5,6.1,0,92,77,2.8,0.409836066,19396
2023,2,9,40,-6.8,-16.7,-19.8,-5.1,2.3,4.4,0.1,88,69,3.3,0.522727273,19397
2023,2,10,41,-6.8,-19.8,-13.8,-6.8,1.6,3.8,0.9,83,88,1.8,0.421052632,19398
2023,2,11,42,-8.7,-13.8,-14.4,-6.8,2.6,3.3,0,88,83,2.4,0.787878788,19399
2023,2,12,43,-2.7,-14.4,-10.7,-8.7,1.8,7.6,0,86,75,2.1,0.236842105,19400
2023,2,13,44,-1.4,-10.7,-7.9,-2.7,5.1,7.4,0,70,56,2.5,0.689189189,19401
2023,2,14,45,-0.5,-7.9,-12,-1.4,2.1,8.1,0,79,60,2,0.259259259,19402
2023,2,15,46,-3.5,-12,-12.9,-0.5,5.4,7.7,0,85,62,1.2,0.701298701,19403
2023,2,16,47,-3,-12.9,-7,-3.5,2.2,8.3,0,88,81,1.5,0.265060241,19404
2023,2,17,48,-3.3,-7,-6.6,-3,2.1,6.5,0.4,75,66,3.8,0.323076923,19405
2023,2,18,49,-1.4,-6.6,-1.3,-3.3,2.2,5.1,0,74,73,3.9,0.431372549,19406
2023,2,19,50,0.9,-1.3,0.9,-1.4,2.1,5.7,0.2,92,96,4.3,0.368421053,19407
2023,2,20,51,4,0.9,2,0.9,2.4,9.1,1.1,98,92,3.9,0.263736264,19408
2023,2,21,52,5.6,2,0.5,4,2.3,8.3,0.4,100,89,2.3,0.277108434,19409
2023,2,22,53,2.7,0.5,0.9,5.6,2.3,9.3,0,99,99,2.8,0.247311828,19410
2023,2,23,54,4,0.9,-0.4,2.7,2.3,8.2,0.5,100,94,3,0.280487805,19411
2023,2,24,55,8.6,-0.4,5,4,2.4,10.2,0,98,88,5.1,0.235294118,19412
2023,2,25,56,9.9,5,2.4,8.6,2.5,10.5,0,91,78,6.5,0.238095238,19413
2023,2,26,57,10,2.4,-0.9,9.9,7.4,10.5,0,88,52,4.5,0.704761905,19414
2023,2,27,58,6.2,-0.9,0.1,10,6,11,0,84,54,2.5,0.545454545,19415
2023,2,28,59,10.8,0.1,-1.2,6.2,5.3,10.7,0,75,50,2,0.495327103,19416
2023,3,1,60,7.8,-1.2,-1.7,10.8,4.6,9.7,0,94,54,2.6,0.474226804,19417
2023,3,2,61,8,-1.7,-0.8,7.8,5.7,9.6,0,72,37,2.2,0.59375,19418
2023,3,3,62,5.2,-0.8,-4.5,8,8.3,8.3,0,94,75,2.6,1,19419
2023,3,4,63,2.2,-4.5,-5.2,5.2,5.3,7.5,0.1,69,47,2.5,0.706666667,19420
2023,3,5,64,0.1,-5.2,-3.7,2.2,6.2,7.5,0,83,40,2.6,0.826666667,19421
2023,3,6,65,4.4,-3.7,-2,0.1,3.9,8.9,0.1,56,58,5.2,0.438202247,19422
2023,3,7,66,0.6,-2,-4,4.4,4.9,8,0,44,39,6.1,0.6125,19423
2023,3,8,67,1.8,-4,-4,0.6,8.7,8.7,0.1,62,30,2.9,1,19424
2023,3,9,68,0.3,-4,-6.7,1.8,3.4,8.9,0.6,67,84,4,0.382022472,19425
2023,3,10,69,-4.4,-6.7,-6.5,0.3,3.4,12.3,0.6,81,70,3,0.276422764,19426
2023,3,11,70,1.9,-6.5,0.2,-4.4,3.6,15,2.4,85,80,8,0.24,19427
2023,3,12,71,3.4,0.2,0.9,1.9,3.5,15,0.8,100,90,3.3,0.233333333,19428
2023,3,13,72,5.1,0.9,-0.9,3.4,3.6,10.5,0,88,65,2.6,0.342857143,19429
2023,3,14,73,5.1,-0.9,-2.9,5.1,3.6,16.3,0,96,53,1.3,0.220858896,19430
2023,3,15,74,6.1,-2.9,-4.3,5.1,3.7,11.4,0,91,69,1.2,0.324561404,19431
2023,3,16,75,4.9,-4.3,-4.7,6.1,7.5,16.4,0,97,58,1.3,0.457317073,19432
2023,3,17,76,1.7,-4.7,-4.5,4.9,4.7,15.1,0,88,60,2.5,0.311258278,19433
2023,3,18,77,2.3,-4.5,-5.5,1.7,5.6,10.7,0,82,79,3.6,0.523364486,19434
2023,3,19,78,0.4,-5.5,-2.4,2.3,6.6,18.2,0,77,41,3.8,0.362637363,19435
2023,3,20,79,6,-2.4,-0.3,0.4,4.7,10.6,0,77,61,4.1,0.443396226,19436
2023,3,21,80,5,-0.3,-0.6,6,9.4,14.3,0.5,54,33,4.7,0.657342657,19437
2023,3,22,81,9.7,-0.6,-0.2,5,4.8,18.3,0,59,46,2.5,0.262295082,19438
2023,3,23,82,13.1,-0.2,3.5,9.7,10.8,19,0,80,38,2.8,0.568421053,19439
2023,3,24,83,8.7,3.5,3.1,13.1,6.7,14,0,77,65,6.3,0.478571429,19440
2023,3,25,84,9.8,3.1,2,8.7,9.1,15,0,82,50,4.8,0.606666667,19441
2023,3,26,85,11.5,2,2.5,9.8,6.7,17.5,0,92,48,3.9,0.382857143,19442
2023,3,27,86,12.1,2.5,2.6,11.5,8.2,16,0,90,62,4.4,0.5125,19443
2023,3,28,87,5.1,2.6,4.4,12.1,4.7,17.9,0.5,94,96,4.1,0.262569832,19444
2023,3,29,88,10.4,4.4,7.6,5.1,5,19.5,0.5,92,79,5.8,0.256410256,19445
2023,3,30,89,13.2,7.6,2.3,10.4,6.1,16.7,0,89,67,5.3,0.365269461,19446
2023,3,31,90,8.3,2.3,-0.6,13.2,5.1,14.4,1.2,94,87,2.3,0.354166667,19447
2023,4,1,91,8.6,-0.6,0.4,8.3,11.9,22,0,83,41,2.4,0.540909091,19448
2023,4,2,92,7.1,0.4,0.7,8.6,6.7,17.6,0.1,63,69,2.8,0.380681818,19449
2023,4,3,93,7.7,0.7,0.8,7.1,9.7,15.7,0,65,40,3.3,0.617834395,19450
2023,4,4,94,11.5,0.8,-1.7,7.7,14.2,20.9,0,73,40,6.6,0.679425837,19451
2023,4,5,95,5.2,-1.7,-1.1,11.5,5.9,16.1,2.3,90,64,5.4,0.366459627,19452
2023,4,6,96,7.7,-1.1,-3.6,5.2,9,20.1,0,59,33,5.9,0.447761194,19453
2023,4,7,97,6.7,-3.6,-5.4,7.7,6.8,14.3,0.4,99,37,2.7,0.475524476,19454
2023,4,8,98,6.9,-5.4,0.3,6.7,13.2,14.1,0,89,37,2.8,0.936170213,19455
2023,4,9,99,6.7,0.3,0.8,6.9,6.1,17.7,4.9,84,76,7,0.344632768,19456
2023,4,10,100,7.9,0.8,-2.6,6.7,15.8,17.8,0,85,38,5.4,0.887640449,19457
2023,4,11,101,8.5,-2.6,1.3,7.9,9.4,21.2,1.6,81,43,3.4,0.443396226,19458
2023,4,12,102,5.2,1.3,-2.7,8.5,6,24.4,0,99,85,3,0.245901639,19459
2023,4,13,103,5.8,-2.7,-4.8,5.2,9.1,18.5,0.5,90,56,3.2,0.491891892,19460
2023,4,14,104,6.6,-4.8,-5,5.8,12.8,19.4,0,96,42,1.8,0.659793814,19461
2023,4,15,105,8.4,-5,-2.1,6.6,14.2,27.3,0,89,39,2.9,0.52014652,19462
2023,4,16,106,11.4,-2.1,-0.8,8.4,18.2,20.3,0,77,31,5,0.896551724,19463
2023,4,17,107,13.3,-0.8,-0.5,11.4,13.9,27.7,0,88,24,3.8,0.501805054,19464
2023,4,18,108,14.5,-0.5,-0.8,13.3,18,28.5,0,88,27,3.6,0.631578947,19465
2023,4,19,109,14.5,-0.8,-2.8,14.5,18.9,23,0,78,33,2.7,0.82173913,19466
2023,4,20,110,14.9,-2.8,0.3,14.5,19.1,24.9,0,88,29,2.3,0.767068273,19467
2023,4,21,111,13.9,0.3,-0.3,14.9,12.8,29.3,0,54,60,3,0.436860068,19468
2023,4,22,112,3.3,-0.3,-0.6,13.9,6.7,29.4,1.6,92,98,4.3,0.227891156,19469
2023,4,23,113,6.8,-0.6,-0.5,3.3,9.9,29.4,0,72,34,3.8,0.336734694,19470
2023,4,24,114,5.1,-0.5,-1.3,6.8,8.7,30,0.1,60,57,3.3,0.29,19471
2023,4,25,115,3.4,-1.3,-1.5,5.1,7.3,21.7,0,61,59,4.1,0.33640553,19472
2023,4,26,116,4.2,-1.5,-2.8,3.4,6.9,23,0,69,57,4.1,0.3,19473
2023,4,27,117,9.1,-2.8,-3.6,4.2,13.9,25.6,0,61,45,2.4,0.54296875,19474
2023,4,28,118,7.9,-3.6,-3.3,9.1,8.5,29.8,0,85,35,1.8,0.285234899,19475
2023,4,29,119,7.7,-3.3,-5.5,7.9,7.3,24.9,0,87,51,1.6,0.293172691,19476
2023,4,30,120,10,-5.5,-3.4,7.7,14.5,22.1,0,81,29,2.5,0.656108597,19477
2023,5,1,121,8.6,-3.4,1.2,10,11.4,31.5,0,82,35,2.4,0.361904762,19478
2023,5,2,122,9.5,1.2,-2.9,8.6,9.8,32.3,0.2,60,45,3.6,0.303405573,19479
2023,5,3,123,10.5,-2.9,1.8,9.5,13.3,27.9,0,83,43,1.8,0.476702509,19480
2023,5,4,124,10.2,1.8,1.1,10.5,9.2,31.6,0,75,42,4.1,0.291139241,19481
2023,5,5,125,3.5,1.1,1.3,10.2,7.5,33.9,17,92,94,6.8,0.221238938,19482
2023,5,6,126,3.7,1.3,0.8,3.5,7.6,31.7,0.5,96,85,5,0.239747634,19483
2023,5,7,127,5.8,0.8,-1.2,3.7,8.1,31.8,0,82,66,2.8,0.254716981,19484
2023,5,8,128,10.6,-1.2,1.7,5.8,15.3,26.2,0,78,45,2.6,0.583969466,19485
2023,5,9,129,10.3,1.7,6.2,10.6,8.6,29.9,2,77,86,4.1,0.287625418,19486
2023,5,10,130,17.7,6.2,7.9,10.3,10.1,22.9,3.8,100,56,4,0.441048035,19487
2023,5,11,131,23,7.9,7.2,17.7,15.4,31.2,0,76,47,1.8,0.493589744,19488
2023,5,12,132,20.4,7.2,11.1,23,23.5,31,0,62,35,4.4,0.758064516,19489
2023,5,13,133,22.1,11.1,7.3,20.4,20.5,29.3,0,69,31,3.2,0.699658703,19490
2023,5,14,134,15.7,7.3,6.2,22.1,9,30.1,3.6,74,73,2.6,0.299003322,19491
2023,5,15,135,13.4,6.2,7,15.7,8.8,22.6,0.1,99,69,3,0.389380531,19492
2023,5,16,136,15,7,7.1,13.4,10.7,35.3,0,95,57,3.2,0.303116147,19493
2023,5,17,137,14.9,7.1,5.7,15,11.1,30.4,6.6,98,66,4.2,0.365131579,19494
2023,5,18,138,16.8,5.7,4.9,14.9,15.6,30.1,0,100,55,1.8,0.518272425,19495
2023,5,19,139,17.3,4.9,5.7,16.8,14.9,32.4,0.2,85,48,1.9,0.459876543,19496
2023,5,20,140,14.2,5.7,4.9,17.3,12.4,25.7,0,85,55,2.6,0.482490272,19497
2023,5,21,141,15.4,4.9,4.7,14.2,12.5,31.7,1.2,91,77,2.3,0.394321767,19498
2023,5,22,142,14.9,4.7,2.8,15.4,10.3,36.1,0.9,93,53,2.1,0.28531856,19499
2023,5,23,143,12.1,2.8,4.9,14.9,10.3,27.8,0,99,93,3.8,0.370503597,19500
2023,5,24,144,11.4,4.9,7.3,12.1,9.3,36.7,0.8,89,93,1.9,0.253405995,19501
2023,5,25,145,14.4,7.3,6.2,11.4,9.1,22.5,0.9,97,50,4.5,0.404444444,19502
2023,5,26,146,9.4,6.2,5,14.4,8.6,33.9,19.3,95,96,6,0.253687316,19503
2023,5,27,147,6.7,5,4.7,9.4,8.7,36.7,2.7,96,97,3.8,0.237057221,19504
2023,5,28,148,16.2,4.7,4.6,6.7,12.5,29.1,0,99,35,2.9,0.429553265,19505
2023,5,29,149,16.3,4.6,2.4,16.2,22.6,35.8,0,63,35,2.4,0.631284916,19506
2023,5,30,150,19.7,2.4,7.2,16.3,26.2,36.8,0,65,34,1.9,0.711956522,19507
2023,5,31,151,19.7,7.2,5.7,19.7,15.2,39.1,0,54,52,2.9,0.388746803,19508
2023,6,1,152,16.3,5.7,6.4,19.7,27.7,37.3,0.2,74,50,4.1,0.742627346,19509
2023,6,2,153,19.9,6.4,4.7,16.3,35.7,39.6,0,70,38,2.6,0.901515152,19510
2023,6,3,154,21.8,4.7,5.2,19.9,32.1,32.2,0,72,34,2,0.99689441,19511
2023,6,4,155,20.6,5.2,7.4,21.8,32.5,37.1,0,65,33,1.7,0.876010782,19512
2023,6,5,156,23.4,7.4,11.3,20.6,34.1,34.1,0.1,65,34,2,1,19513
2023,6,6,157,24.1,11.3,12.5,23.4,32.6,40,0,65,33,2.1,0.815,19514
2023,6,7,158,24.4,12.5,12.1,24.1,27.5,35.5,0,67,54,1.9,0.774647887,19515
2023,6,8,159,19.4,12.1,10.6,24.4,19,39.1,2,97,80,1.3,0.485933504,19516
2023,6,9,160,20.6,10.6,11.7,19.4,16.7,34.3,4.3,95,67,1.2,0.486880466,19517
2023,6,10,161,22.5,11.7,12.3,20.6,36.3,40.5,0.1,75,37,1.8,0.896296296,19518
2023,6,11,162,23.7,12.3,10,22.5,32.7,40,0.8,79,57,3.6,0.8175,19519
2023,6,12,163,17.6,10,10.2,23.7,16.9,39.7,10.2,95,82,3.4,0.425692695,19520
2023,6,13,164,18.8,10.2,11.1,17.6,34.1,40.6,0,68,40,3.3,0.839901478,19521
2023,6,14,165,19.6,11.1,5.2,18.8,22.4,40.7,0.8,71,61,5.7,0.55036855,19522
2023,6,15,166,23,5.2,9.3,19.6,27.4,35.8,0.3,54,31,2.8,0.765363128,19523
2023,6,16,167,17.9,9.3,9.7,23,14.9,27.3,9.1,67,99,2.3,0.545787546,19524
2023,6,17,168,15.3,9.7,8.8,17.9,15.7,34.1,6.6,99,97,2,0.460410557,19525
